-- phpMyAdmin SQL Dump
-- version 3.5.8.2
-- http://www.phpmyadmin.net
--
-- 主机: localhost
-- 生成日期: 2019 ?04 ?10 ?15:10
-- 服务器版本: 5.5.35
-- PHP 版本: 5.5.8

SET SQL_MODE="NO_AUTO_VALUE_ON_ZERO";
SET time_zone = "+00:00";


/*!40101 SET @OLD_CHARACTER_SET_CLIENT=@@CHARACTER_SET_CLIENT */;
/*!40101 SET @OLD_CHARACTER_SET_RESULTS=@@CHARACTER_SET_RESULTS */;
/*!40101 SET @OLD_COLLATION_CONNECTION=@@COLLATION_CONNECTION */;
/*!40101 SET NAMES utf8 */;

--
-- 数据库: `task`
--

-- --------------------------------------------------------

--
-- 表的结构 `admin`
--

CREATE TABLE IF NOT EXISTS `admin` (
  `id` bigint(20) unsigned NOT NULL AUTO_INCREMENT,
  `role_id` int(10) DEFAULT '0' COMMENT '角色：管理员、采购员、产品开发员、财务',
  `name` varchar(50) DEFAULT NULL COMMENT '姓名',
  `admin_name` varchar(50) DEFAULT '' COMMENT '帐号',
  `password` varchar(50) DEFAULT '' COMMENT '密码',
  `qq` varchar(50) DEFAULT NULL COMMENT 'qq号',
  `mobile` varchar(50) DEFAULT NULL COMMENT '手机号',
  `money` decimal(10,2) DEFAULT '0.00' COMMENT '余额',
  `weixin` varchar(50) DEFAULT NULL COMMENT '微信号',
  `qrcode` varchar(200) DEFAULT NULL COMMENT '微信二维码',
  `weixinmoneycode` varchar(200) DEFAULT NULL COMMENT '微信收款码',
  `zfbmoneycode` varchar(200) DEFAULT NULL COMMENT '支付宝收款码',
  `realname` varchar(50) DEFAULT NULL COMMENT '真实姓名',
  `bankname` varchar(50) DEFAULT NULL COMMENT '银行名称',
  `bankcode` varchar(50) DEFAULT NULL COMMENT '银行卡号',
  `auths` text COMMENT '权限列表',
  `isdel` smallint(3) DEFAULT '1' COMMENT '是否删除：否、是',
  `iswork` smallint(3) DEFAULT NULL COMMENT '领取任务：否、是',
  `remark` varchar(500) DEFAULT NULL COMMENT '备注',
  `intime` int(10) DEFAULT '0' COMMENT '添加时间',
  `uptime` int(10) DEFAULT '0' COMMENT '更新时间',
  `sort` int(10) DEFAULT '0' COMMENT '排序',
  PRIMARY KEY (`id`)
) ENGINE=InnoDB  DEFAULT CHARSET=utf8 COMMENT='管理员' AUTO_INCREMENT=16 ;

--
-- 转存表中的数据 `admin`
--

INSERT INTO `admin` (`id`, `role_id`, `name`, `admin_name`, `password`, `qq`, `mobile`, `money`, `weixin`, `qrcode`, `weixinmoneycode`, `zfbmoneycode`, `realname`, `bankname`, `bankcode`, `auths`, `isdel`, `iswork`, `remark`, `intime`, `uptime`, `sort`) VALUES
(1, 1, '张大大', 'admin', '21232f297a57a5a743894a0e4a801fc3', '77469350', '', '816.00', '123456', '/uploads/20190106\\57c36508040c38b68d4a4c13879d30e2.jpg', '/uploads/20190117\\4f2f579f19a7be1e76000d2f71a99a3f.png', '/uploads/20190117\\1d42312b642c1fb01eb3a1eaf3dbcee9.jpg', '张好在', '平安银行', '6465464656465', '["1-1","category-add","category-lists","category-edit","article-lists","article-add","article-edit","admin-index","2-2","shop-lists","shop-edit","merchant-lists","merchantwithout-lists","merchantwithout-edit","merchant-edit","merchantmenu-lists","3-3","order-bindlist","order-act_edit_refundoff","order-finishlist","task-lists","task-view","order-act_edit_finish","order-lists","order-view","order-lists2","order-offlists2","order-lists3","4-4","merchantrecharge-lists","merchantcash-lists","merchantmlogs-lists","merchantloans-lists","admincash-lists","admincash-edit","admincash-add","usercash-lists","usermlogs-lists","6-6","user-lists","user-edit","user-lists2","user-lists3","5-5","admin-edit_self","admin-edit_password","admin-lists","admin-add","admin-edit","config-edit","menu-lists","role-add","role-lists","role-edit","bank-add","bank-lists","bank-edit","within-lists","within-edit","within-add","without-lists","without-add","without-edit"]', 1, 0, 'addf', 1544279222, 1553320339, 0),
(2, 2, '猫客堂-小一', 'kiki', 'e10adc3949ba59abbe56e057f20f883e', '854856', NULL, '0.00', 'kijk5845', '/uploads/20181209\\e224708aa5fb89737829db6f87e13a50.png', NULL, NULL, NULL, NULL, NULL, '', 1, NULL, '', 1544279222, 1544337050, 0),
(3, 2, '猫客堂-小二', 'erer', 'e10adc3949ba59abbe56e057f20f883e', '77458584', NULL, '0.00', 'abckded', '/uploads/20181209\\d4e053235a361f1bb99822b99f7c9827.png', NULL, NULL, NULL, NULL, NULL, '', 1, NULL, '', 1544279222, 1544336986, 0),
(4, 2, '猫客堂-小三', 'lili', 'e10adc3949ba59abbe56e057f20f883e', '123456', NULL, '0.00', '456456', '/uploads/20181209\\dc1904160a88abd9b899095ff6076f2e.png', '', '', '', '', '', '["admincash-add","6-6"]', 1, NULL, '', 1544279222, 1550453760, 0),
(5, 5, '猫客堂-张三', 'zhangsan', 'e10adc3949ba59abbe56e057f20f883e', '344555', NULL, '0.00', '5845555', '/uploads/20181209\\16c6cdad9c0dcd4f1dc9ca06e8baf5d6.png', NULL, NULL, NULL, NULL, NULL, '', 1, NULL, '', 1544337160, 1544337160, 0),
(6, 5, '猫客堂-李四', 'lisi', 'e10adc3949ba59abbe56e057f20f883e', '2154585661', NULL, '0.00', '8542515551', '/uploads/20181215\\979e36a1049e5bad024a4e3c36d3a519.png', '', '', '', '', '', '["1-1","article-lists","article-add","article-edit","admin-index","2-2","shop-lists","merchant-lists","merchant-edit","merchantmenu-lists","3-3","order-lists","order-lists2","order-lists3","4-4","6-6","user-lists","user-edit"]', 1, 0, '', 1544337207, 1551172177, 0),
(7, 3, '景甜', 'jiantian', '0b4e7a0e5fe84ad35fb5f95b9ceeac79', 'adfsadf', NULL, '0.00', 'sadfasdf', '/uploads/20181216\\43e560d762a2626c4fa20a6e8fc27196.png', NULL, NULL, NULL, NULL, NULL, '["admin-index"]', 1, NULL, 'adfasdf', 1544943804, 1546908511, 0),
(8, 5, '业务员测试', '业务员测试', 'e10adc3949ba59abbe56e057f20f883e', '123456', '', '0.00', '123456', '', '', '', '金', '平安银行', '', '["2-2","shop-lists","merchant-lists","merchantwithout-lists","merchantwithout-edit","merchant-edit","3-3","order-act_edit_refundoff","task-lists","task-view","order-lists","order-view","order-lists2","order-offlists2","order-lists3","4-4","merchantrecharge-lists","merchantcash-lists","merchantmlogs-lists","merchantloans-lists"]', 1, 1, '', 1551172517, 1554867926, 0),
(9, 2, '领吧001', '领吧001', 'e10adc3949ba59abbe56e057f20f883e', '', '', '0.00', '', '', '', '', '老金', '平安银行', '', '["3-3","order-bindlist","order-finishlist","task-lists","task-view","order-act_edit_finish","order-lists","order-view","order-lists2","order-offlists2","order-lists3","user-lists","user-edit","user-lists2","user-lists3"]', 1, 2, '', 1551175496, 1553155042, 0),
(10, 5, '猫客堂-测试', '猫客堂-测试', 'e10adc3949ba59abbe56e057f20f883e', '919474561', '15999522614', '0.00', '919474561', '', '', '', '金', '', '', '["2-2","shop-lists","shop-edit","merchant-lists","merchantwithout-lists","merchantwithout-edit","merchant-edit","merchantmenu-lists","3-3","order-bindlist","order-act_edit_refundoff","task-lists","task-view","order-act_edit_finish","order-lists","order-view","order-lists2","order-offlists2","order-lists3","4-4","merchantrecharge-lists","merchantcash-lists","merchantmlogs-lists","merchantloans-lists"]', 1, 1, '', 1551779108, 1552555806, 0),
(11, 2, '客服组长-小凌', '客服组长-小凌', 'e10adc3949ba59abbe56e057f20f883e', '', '', '0.00', '', '', '', '', '小凌', '', '', '["3-3","order-bindlist","order-finishlist","task-lists","task-view","order-lists","order-act_edit_finish","order-view","order-lists2","order-offlists2","order-lists3","admincash-lists","admincash-edit","admincash-add","usercash-lists","usermlogs-lists","6-6","user-lists","user-edit","user-lists2","user-lists3"]', 1, 2, '', 1551781031, 1551781031, 0),
(12, 5, '悟空', '测试业务平', 'e10adc3949ba59abbe56e057f20f883e', '1523562356', '18658119065', '0.00', '18658119065（同步）', '', '', '', '', '平安银行', '545543333', '["2-2","shop-lists","shop-edit","merchant-lists","merchantwithout-lists","merchantwithout-edit","merchant-edit","merchantmenu-lists","3-3","order-act_edit_refundoff","order-finishlist","task-lists","task-view","order-act_edit_finish","order-lists","order-view","order-lists2","order-offlists2","order-lists3","4-4","merchantrecharge-lists","merchantcash-lists","merchantmlogs-lists","merchantloans-lists","without-lists","without-edit"]', 1, 1, '', 1552290121, 1554801244, 0),
(13, 2, '麦克', '操作员猫客8', 'e10adc3949ba59abbe56e057f20f883e', '', '123456789098', '0.00', '', '', '', '', '小曲', '', '', '["3-3","order-bindlist","order-lists","order-lists2","order-offlists2","order-lists3","admincash-add","6-6","user-lists","user-edit","user-lists2","user-lists3","within-lists","within-edit","within-add"]', 1, 2, '', 1552292021, 1552292021, 0),
(14, 2, '客服专用-仙儿', '客服专用-仙儿', 'e10adc3949ba59abbe56e057f20f883e', '', '', '1.00', '', '', '', '', '阳松林', '邮政银行', '6217995540020559650', '["3-3","order-bindlist","order-act_edit_refundoff","order-finishlist","task-view","order-act_edit_finish","order-lists","order-view","order-lists2","order-offlists2","order-lists3","4-4","admincash-lists","admincash-add","usercash-lists","6-6","user-lists","user-edit","user-lists2","user-lists3"]', 1, 2, '', 1553390578, 1553394485, 0),
(15, 2, '小李', '小李', 'e10adc3949ba59abbe56e057f20f883e', '', '13578965477', '0.00', '', '/uploads/20190404\\151d3416ecf2392f44f3f37e7131e87b.png', '/uploads/20190404\\b7ff906c990ca823418f3947a20ec24a.png', '/uploads/20190404\\13100f15e67c12ba814a0110741c5952.png', '小李', '', '', '["1-1","category-add","category-lists","category-edit","article-lists","article-add","article-edit","admin-index","2-2","shop-lists","shop-edit","merchant-lists","merchantwithout-lists","merchantwithout-edit","merchant-edit","merchantmenu-lists","3-3","order-bindlist","order-act_edit_refundoff","order-finishlist","task-lists","task-view","order-act_edit_finish","order-lists","order-view","order-lists2","order-offlists2","order-lists3","6-6","5-5","admin-edit_self"]', 1, 2, '', 1554263910, 1554347339, 0);

-- --------------------------------------------------------

--
-- 表的结构 `admincash`
--

CREATE TABLE IF NOT EXISTS `admincash` (
  `id` bigint(20) unsigned NOT NULL AUTO_INCREMENT,
  `admin_id` int(10) NOT NULL COMMENT '管理员Id',
  `type` smallint(3) DEFAULT NULL COMMENT '提现方式：微信、银行卡',
  `weixinmoneycode` varchar(200) DEFAULT NULL COMMENT '微信收款码',
  `zfbmoneycode` varchar(200) DEFAULT NULL COMMENT '支付宝收款码',
  `bankname` varchar(50) NOT NULL COMMENT '提现银行',
  `bankcode` varchar(50) DEFAULT '' COMMENT '银行卡号',
  `realname` varchar(50) DEFAULT '' COMMENT '开户姓名(收款人)',
  `money` decimal(10,2) DEFAULT '0.00' COMMENT '金额',
  `status` smallint(3) DEFAULT NULL COMMENT '状态:待处理、已提现、已拒绝',
  `remark` varchar(500) DEFAULT '' COMMENT '备注',
  `intime` int(10) NOT NULL COMMENT '添加时间',
  `uptime` int(10) NOT NULL COMMENT '更新时间',
  PRIMARY KEY (`id`)
) ENGINE=InnoDB  DEFAULT CHARSET=utf8 COMMENT='客服申请金额' AUTO_INCREMENT=29 ;

--
-- 转存表中的数据 `admincash`
--

INSERT INTO `admincash` (`id`, `admin_id`, `type`, `weixinmoneycode`, `zfbmoneycode`, `bankname`, `bankcode`, `realname`, `money`, `status`, `remark`, `intime`, `uptime`) VALUES
(27, 14, 3, NULL, NULL, '', '', '阳松林', '1.00', 2, '', 1553392412, 1554798568),
(28, 1, 2, NULL, '/uploads/20190117\\1d42312b642c1fb01eb3a1eaf3dbcee9.jpg', '', '', '张好在', '2.00', 2, '', 1554799428, 1554799442);

-- --------------------------------------------------------

--
-- 表的结构 `area`
--

CREATE TABLE IF NOT EXISTS `area` (
  `id` int(10) unsigned NOT NULL AUTO_INCREMENT COMMENT 'ID',
  `name` varchar(50) DEFAULT NULL COMMENT '省名',
  `pid` int(10) DEFAULT '0' COMMENT '排序',
  PRIMARY KEY (`id`)
) ENGINE=InnoDB  DEFAULT CHARSET=utf8 AUTO_INCREMENT=820001 ;

--
-- 转存表中的数据 `area`
--

INSERT INTO `area` (`id`, `name`, `pid`) VALUES
(110000, '北京市', 0),
(110100, '北京市', 110000),
(110101, '东城区', 110100),
(110102, '西城区', 110100),
(110103, '崇文区', 110100),
(110104, '宣武区', 110100),
(110105, '朝阳区', 110100),
(110106, '丰台区', 110100),
(110107, '石景山区', 110100),
(110108, '海淀区', 110100),
(110109, '门头沟区', 110100),
(110111, '房山区', 110100),
(110112, '通州区', 110100),
(110113, '顺义区', 110100),
(110114, '昌平区', 110100),
(110115, '大兴区', 110100),
(110116, '怀柔区', 110100),
(110117, '平谷区', 110100),
(110228, '密云县', 110100),
(110229, '延庆县', 110100),
(120000, '天津市', 0),
(120100, '天津市', 120000),
(120101, '和平区', 120100),
(120102, '河东区', 120100),
(120103, '河西区', 120100),
(120104, '南开区', 120100),
(120105, '河北区', 120100),
(120106, '红桥区', 120100),
(120110, '东丽区', 120100),
(120111, '西青区', 120100),
(120112, '津南区', 120100),
(120113, '北辰区', 120100),
(120114, '武清区', 120100),
(120115, '宝坻区', 120100),
(120221, '宁河县', 120100),
(120223, '静海县', 120100),
(120225, '蓟县', 120100),
(130000, '河北省', 0),
(130100, '石家庄市', 130000),
(130102, '长安区', 130100),
(130103, '桥东区', 130100),
(130104, '桥西区', 130100),
(130105, '新华区', 130100),
(130107, '井陉矿区', 130100),
(130108, '裕华区', 130100),
(130121, '井陉县', 130100),
(130123, '正定县', 130100),
(130124, '栾城县', 130100),
(130125, '行唐县', 130100),
(130126, '灵寿县', 130100),
(130127, '高邑县', 130100),
(130128, '深泽县', 130100),
(130129, '赞皇县', 130100),
(130130, '无极县', 130100),
(130131, '平山县', 130100),
(130132, '元氏县', 130100),
(130133, '赵县', 130100),
(130181, '辛集市', 130100),
(130182, '藁城市', 130100),
(130183, '晋州市', 130100),
(130184, '新乐市', 130100),
(130185, '鹿泉市', 130100),
(130200, '唐山市', 130000),
(130202, '路南区', 130200),
(130203, '路北区', 130200),
(130204, '古冶区', 130200),
(130205, '开平区', 130200),
(130207, '丰南区', 130200),
(130208, '丰润区', 130200),
(130223, '滦县', 130200),
(130224, '滦南县', 130200),
(130225, '乐亭县', 130200),
(130227, '迁西县', 130200),
(130229, '玉田县', 130200),
(130230, '唐海县', 130200),
(130281, '遵化市', 130200),
(130283, '迁安市', 130200),
(130300, '秦皇岛市', 130000),
(130302, '海港区', 130300),
(130303, '山海关区', 130300),
(130304, '北戴河区', 130300),
(130321, '青龙满族自治县', 130300),
(130322, '昌黎县', 130300),
(130323, '抚宁县', 130300),
(130324, '卢龙县', 130300),
(130325, '经济技术开发区', 130300),
(130400, '邯郸市', 130000),
(130402, '邯山区', 130400),
(130403, '丛台区', 130400),
(130404, '复兴区', 130400),
(130406, '峰峰矿区', 130400),
(130421, '邯郸县', 130400),
(130423, '临漳县', 130400),
(130424, '成安县', 130400),
(130425, '大名县', 130400),
(130426, '涉县', 130400),
(130427, '磁县', 130400),
(130428, '肥乡县', 130400),
(130429, '永年县', 130400),
(130430, '邱县', 130400),
(130431, '鸡泽县', 130400),
(130432, '广平县', 130400),
(130433, '馆陶县', 130400),
(130434, '魏县', 130400),
(130435, '曲周县', 130400),
(130481, '武安市', 130400),
(130500, '邢台市', 130000),
(130502, '桥东区', 130500),
(130503, '桥西区', 130500),
(130521, '邢台县', 130500),
(130522, '临城县', 130500),
(130523, '内丘县', 130500),
(130524, '柏乡县', 130500),
(130525, '隆尧县', 130500),
(130526, '任县', 130500),
(130527, '南和县', 130500),
(130528, '宁晋县', 130500),
(130529, '巨鹿县', 130500),
(130530, '新河县', 130500),
(130531, '广宗县', 130500),
(130532, '平乡县', 130500),
(130533, '威县', 130500),
(130534, '清河县', 130500),
(130535, '临西县', 130500),
(130581, '南宫市', 130500),
(130582, '沙河市', 130500),
(130600, '保定市', 130000),
(130602, '新市区', 130600),
(130603, '北市区', 130600),
(130604, '南市区', 130600),
(130621, '满城县', 130600),
(130622, '清苑县', 130600),
(130623, '涞水县', 130600),
(130624, '阜平县', 130600),
(130625, '徐水县', 130600),
(130626, '定兴县', 130600),
(130627, '唐县', 130600),
(130628, '高阳县', 130600),
(130629, '容城县', 130600),
(130630, '涞源县', 130600),
(130631, '望都县', 130600),
(130632, '安新县', 130600),
(130633, '易县', 130600),
(130634, '曲阳县', 130600),
(130635, '蠡县', 130600),
(130636, '顺平县', 130600),
(130637, '博野县', 130600),
(130638, '雄县', 130600),
(130681, '涿州市', 130600),
(130682, '定州市', 130600),
(130683, '安国市', 130600),
(130684, '高碑店市', 130600),
(130700, '张家口市', 130000),
(130702, '桥东区', 130700),
(130703, '桥西区', 130700),
(130705, '宣化区', 130700),
(130706, '下花园区', 130700),
(130721, '宣化县', 130700),
(130722, '张北县', 130700),
(130723, '康保县', 130700),
(130724, '沽源县', 130700),
(130725, '尚义县', 130700),
(130726, '蔚县', 130700),
(130727, '阳原县', 130700),
(130728, '怀安县', 130700),
(130729, '万全县', 130700),
(130730, '怀来县', 130700),
(130731, '涿鹿县', 130700),
(130732, '赤城县', 130700),
(130733, '崇礼县', 130700),
(130800, '承德市', 130000),
(130802, '双桥区', 130800),
(130803, '双滦区', 130800),
(130804, '鹰手营子矿区', 130800),
(130821, '承德县', 130800),
(130822, '兴隆县', 130800),
(130823, '平泉县', 130800),
(130824, '滦平县', 130800),
(130825, '隆化县', 130800),
(130826, '丰宁满族自治县', 130800),
(130827, '宽城满族自治县', 130800),
(130828, '围场满族蒙古族自治县', 130800),
(130900, '沧州市', 130000),
(130902, '新华区', 130900),
(130903, '运河区', 130900),
(130921, '沧县', 130900),
(130922, '青县', 130900),
(130923, '东光县', 130900),
(130924, '海兴县', 130900),
(130925, '盐山县', 130900),
(130926, '肃宁县', 130900),
(130927, '南皮县', 130900),
(130928, '吴桥县', 130900),
(130929, '献县', 130900),
(130930, '孟村回族自治县', 130900),
(130981, '泊头市', 130900),
(130982, '任丘市', 130900),
(130983, '黄骅市', 130900),
(130984, '河间市', 130900),
(131000, '廊坊市', 130000),
(131022, '固安县', 131000),
(131023, '永清县', 131000),
(131024, '香河县', 131000),
(131025, '大城县', 131000),
(131026, '文安县', 131000),
(131028, '大厂回族自治县', 131000),
(131081, '霸州市', 131000),
(131082, '三河市', 131000),
(131100, '衡水市', 130000),
(131102, '桃城区', 131100),
(131121, '枣强县', 131100),
(131122, '武邑县', 131100),
(131123, '武强县', 131100),
(131124, '饶阳县', 131100),
(131125, '安平县', 131100),
(131126, '故城县', 131100),
(131127, '景县', 131100),
(131128, '阜城县', 131100),
(131181, '冀州市', 131100),
(131182, '深州市', 131100),
(140000, '山西省', 0),
(140100, '太原市', 140000),
(140105, '小店区', 140100),
(140106, '迎泽区', 140100),
(140107, '杏花岭区', 140100),
(140108, '尖草坪区', 140100),
(140109, '万柏林区', 140100),
(140110, '晋源区', 140100),
(140121, '清徐县', 140100),
(140122, '阳曲县', 140100),
(140123, '娄烦县', 140100),
(140181, '古交市', 140100),
(140200, '大同市', 140000),
(140202, '城区', 140200),
(140203, '矿区', 140200),
(140211, '南郊区', 140200),
(140212, '新荣区', 140200),
(140221, '阳高县', 140200),
(140222, '天镇县', 140200),
(140223, '广灵县', 140200),
(140224, '灵丘县', 140200),
(140225, '浑源县', 140200),
(140226, '左云县', 140200),
(140227, '大同县', 140200),
(140300, '阳泉市', 140000),
(140302, '城区', 140300),
(140303, '矿区', 140300),
(140311, '郊区', 140300),
(140321, '平定县', 140300),
(140322, '盂县', 140300),
(140400, '长治市', 140000),
(140402, '城区', 140400),
(140411, '郊区', 140400),
(140421, '长治县', 140400),
(140423, '襄垣县', 140400),
(140424, '屯留县', 140400),
(140425, '平顺县', 140400),
(140426, '黎城县', 140400),
(140427, '壶关县', 140400),
(140428, '长子县', 140400),
(140429, '武乡县', 140400),
(140430, '沁县', 140400),
(140431, '沁源县', 140400),
(140481, '潞城市', 140400),
(140500, '晋城市', 140000),
(140502, '城区', 140500),
(140521, '沁水县', 140500),
(140522, '阳城县', 140500),
(140524, '陵川县', 140500),
(140525, '泽州县', 140500),
(140581, '高平市', 140500),
(140600, '朔州市', 140000),
(140602, '朔城区', 140600),
(140603, '平鲁区', 140600),
(140621, '山阴县', 140600),
(140622, '应县', 140600),
(140623, '右玉县', 140600),
(140624, '怀仁县', 140600),
(140700, '晋中市', 140000),
(140702, '榆次区', 140700),
(140721, '榆社县', 140700),
(140722, '左权县', 140700),
(140723, '和顺县', 140700),
(140724, '昔阳县', 140700),
(140725, '寿阳县', 140700),
(140726, '太谷县', 140700),
(140727, '祁县', 140700),
(140728, '平遥县', 140700),
(140729, '灵石县', 140700),
(140781, '介休市', 140700),
(140800, '运城市', 140000),
(140802, '盐湖区', 140800),
(140821, '临猗县', 140800),
(140822, '万荣县', 140800),
(140823, '闻喜县', 140800),
(140824, '稷山县', 140800),
(140825, '新绛县', 140800),
(140826, '绛县', 140800),
(140827, '垣曲县', 140800),
(140828, '夏县', 140800),
(140829, '平陆县', 140800),
(140830, '芮城县', 140800),
(140881, '永济市', 140800),
(140882, '河津市', 140800),
(140900, '忻州市', 140000),
(140902, '忻府区', 140900),
(140921, '定襄县', 140900),
(140922, '五台县', 140900),
(140923, '代县', 140900),
(140924, '繁峙县', 140900),
(140925, '宁武县', 140900),
(140926, '静乐县', 140900),
(140927, '神池县', 140900),
(140928, '五寨县', 140900),
(140929, '岢岚县', 140900),
(140930, '河曲县', 140900),
(140931, '保德县', 140900),
(140932, '偏关县', 140900),
(140981, '原平市', 140900),
(141000, '临汾市', 140000),
(141021, '曲沃县', 141000),
(141022, '翼城县', 141000),
(141023, '襄汾县', 141000),
(141024, '洪洞县', 141000),
(141025, '古县', 141000),
(141026, '安泽县', 141000),
(141027, '浮山县', 141000),
(141028, '吉县', 141000),
(141029, '乡宁县', 141000),
(141030, '大宁县', 141000),
(141031, '隰县', 141000),
(141032, '永和县', 141000),
(141033, '蒲县', 141000),
(141034, '汾西县', 141000),
(141081, '侯马市', 141000),
(141082, '霍州市', 141000),
(141100, '吕梁市', 140000),
(141102, '离石区', 141100),
(141121, '文水县', 141100),
(141122, '交城县', 141100),
(141123, '兴县', 141100),
(141124, '临县', 141100),
(141125, '柳林县', 141100),
(141126, '石楼县', 141100),
(141127, '岚县', 141100),
(141128, '方山县', 141100),
(141129, '中阳县', 141100),
(141130, '交口县', 141100),
(141181, '孝义市', 141100),
(141182, '汾阳市', 141100),
(150000, '内蒙古自治区', 0),
(150100, '呼和浩特市', 150000),
(150102, '新城区', 150100),
(150103, '回民区', 150100),
(150104, '玉泉区', 150100),
(150105, '赛罕区', 150100),
(150121, '土默特左旗', 150100),
(150122, '托克托县', 150100),
(150123, '和林格尔县', 150100),
(150124, '清水河县', 150100),
(150125, '武川县', 150100),
(150200, '包头市', 150000),
(150202, '东河区', 150200),
(150203, '昆都仑区', 150200),
(150204, '青山区', 150200),
(150205, '石拐区', 150200),
(150206, '白云鄂博矿区', 150200),
(150207, '九原区', 150200),
(150221, '土默特右旗', 150200),
(150222, '固阳县', 150200),
(150223, '达尔罕茂明安联合旗', 150200),
(150300, '乌海市', 150000),
(150302, '海勃湾区', 150300),
(150303, '海南区', 150300),
(150304, '乌达区', 150300),
(150400, '赤峰市', 150000),
(150402, '红山区', 150400),
(150403, '元宝山区', 150400),
(150404, '松山区', 150400),
(150421, '阿鲁科尔沁旗', 150400),
(150422, '巴林左旗', 150400),
(150423, '巴林右旗', 150400),
(150424, '林西县', 150400),
(150425, '克什克腾旗', 150400),
(150426, '翁牛特旗', 150400),
(150428, '喀喇沁旗', 150400),
(150429, '宁城县', 150400),
(150430, '敖汉旗', 150400),
(150500, '通辽市', 150000),
(150502, '科尔沁区', 150500),
(150521, '科尔沁左翼中旗', 150500),
(150522, '科尔沁左翼后旗', 150500),
(150523, '开鲁县', 150500),
(150524, '库伦旗', 150500),
(150525, '奈曼旗', 150500),
(150526, '扎鲁特旗', 150500),
(150581, '霍林郭勒市', 150500),
(150600, '鄂尔多斯市', 150000),
(150602, '东胜区', 150600),
(150621, '达拉特旗', 150600),
(150622, '准格尔旗', 150600),
(150623, '鄂托克前旗', 150600),
(150624, '鄂托克旗', 150600),
(150625, '杭锦旗', 150600),
(150626, '乌审旗', 150600),
(150627, '伊金霍洛旗', 150600),
(150700, '呼伦贝尔市', 150000),
(150702, '海拉尔区', 150700),
(150721, '阿荣旗', 150700),
(150722, '莫力达瓦达斡尔族自治', 150700),
(150723, '鄂伦春自治旗', 150700),
(150724, '鄂温克族自治旗', 150700),
(150725, '陈巴尔虎旗', 150700),
(150726, '新巴尔虎左旗', 150700),
(150727, '新巴尔虎右旗', 150700),
(150781, '满洲里市', 150700),
(150782, '牙克石市', 150700),
(150783, '扎兰屯市', 150700),
(150784, '额尔古纳市', 150700),
(150785, '根河市', 150700),
(150800, '巴彦淖尔市', 150000),
(150802, '临河区', 150800),
(150821, '五原县', 150800),
(150822, '磴口县', 150800),
(150823, '乌拉特前旗', 150800),
(150824, '乌拉特中旗', 150800),
(150825, '乌拉特后旗', 150800),
(150826, '杭锦后旗', 150800),
(150900, '乌兰察布市', 150000),
(150902, '集宁区', 150900),
(150921, '卓资县', 150900),
(150922, '化德县', 150900),
(150923, '商都县', 150900),
(150924, '兴和县', 150900),
(150925, '凉城县', 150900),
(150926, '察哈尔右翼前旗', 150900),
(150927, '察哈尔右翼中旗', 150900),
(150928, '察哈尔右翼后旗', 150900),
(150929, '四子王旗', 150900),
(150981, '丰镇市', 150900),
(152200, '兴安盟', 150000),
(152201, '乌兰浩特市', 152200),
(152202, '阿尔山市', 152200),
(152221, '科尔沁右翼前旗', 152200),
(152222, '科尔沁右翼中旗', 152200),
(152223, '扎赉特旗', 152200),
(152224, '突泉县', 152200),
(152500, '锡林郭勒盟', 150000),
(152501, '二连浩特市', 152500),
(152502, '锡林浩特市', 152500),
(152522, '阿巴嘎旗', 152500),
(152523, '苏尼特左旗', 152500),
(152524, '苏尼特右旗', 152500),
(152525, '东乌珠穆沁旗', 152500),
(152526, '西乌珠穆沁旗', 152500),
(152527, '太仆寺旗', 152500),
(152528, '镶黄旗', 152500),
(152529, '正镶白旗', 152500),
(152530, '正蓝旗', 152500),
(152531, '多伦县', 152500),
(152900, '阿拉善盟', 150000),
(152921, '阿拉善左旗', 152900),
(152922, '阿拉善右旗', 152900),
(152923, '额济纳旗', 152900),
(210000, '辽宁省', 0),
(210100, '沈阳市', 210000),
(210102, '和平区', 210100),
(210103, '沈河区', 210100),
(210104, '大东区', 210100),
(210105, '皇姑区', 210100),
(210106, '铁西区', 210100),
(210111, '苏家屯区', 210100),
(210112, '东陵区', 210100),
(210113, '沈北新区', 210100),
(210114, '于洪区', 210100),
(210122, '辽中县', 210100),
(210123, '康平县', 210100),
(210124, '法库县', 210100),
(210181, '新民市', 210100),
(210200, '大连市', 210000),
(210202, '中山区', 210200),
(210203, '西岗区', 210200),
(210204, '沙河口区', 210200),
(210211, '甘井子区', 210200),
(210212, '旅顺口区', 210200),
(210213, '金州区', 210200),
(210224, '长海县', 210200),
(210281, '瓦房店市', 210200),
(210282, '普兰店市', 210200),
(210283, '庄河市', 210200),
(210300, '鞍山市', 210000),
(210302, '铁东区', 210300),
(210303, '铁西区', 210300),
(210304, '立山区', 210300),
(210311, '千山区', 210300),
(210321, '台安县', 210300),
(210323, '岫岩满族自治县', 210300),
(210381, '海城市', 210300),
(210400, '抚顺市', 210000),
(210402, '新抚区', 210400),
(210403, '东洲区', 210400),
(210404, '望花区', 210400),
(210411, '顺城区', 210400),
(210421, '抚顺县', 210400),
(210422, '新宾满族自治县', 210400),
(210423, '清原满族自治县', 210400),
(210500, '本溪市', 210000),
(210502, '平山区', 210500),
(210503, '溪湖区', 210500),
(210504, '明山区', 210500),
(210505, '南芬区', 210500),
(210521, '本溪满族自治县', 210500),
(210522, '桓仁满族自治县', 210500),
(210600, '丹东市', 210000),
(210602, '元宝区', 210600),
(210603, '振兴区', 210600),
(210604, '振安区', 210600),
(210624, '宽甸满族自治县', 210600),
(210681, '东港市', 210600),
(210682, '凤城市', 210600),
(210700, '锦州市', 210000),
(210702, '古塔区', 210700),
(210703, '凌河区', 210700),
(210711, '太和区', 210700),
(210726, '黑山县', 210700),
(210727, '义县', 210700),
(210781, '凌海市', 210700),
(210782, '北镇市', 210700),
(210800, '营口市', 210000),
(210802, '站前区', 210800),
(210803, '西市区', 210800),
(210804, '鲅鱼圈区', 210800),
(210811, '老边区', 210800),
(210881, '盖州市', 210800),
(210882, '大石桥市', 210800),
(210900, '阜新市', 210000),
(210902, '海州区', 210900),
(210903, '新邱区', 210900),
(210904, '太平区', 210900),
(210905, '清河门区', 210900),
(210911, '细河区', 210900),
(210921, '阜新蒙古族自治县', 210900),
(210922, '彰武县', 210900),
(211000, '辽阳市', 210000),
(211011, '太子河区', 211000),
(211021, '辽阳县', 211000),
(211081, '灯塔市', 211000),
(211100, '盘锦市', 210000),
(211102, '双台子区', 211100),
(211103, '兴隆台区', 211100),
(211121, '大洼县', 211100),
(211122, '盘山县', 211100),
(211200, '铁岭市', 210000),
(211202, '银州区', 211200),
(211204, '清河区', 211200),
(211221, '铁岭县', 211200),
(211223, '西丰县', 211200),
(211224, '昌图县', 211200),
(211281, '调兵山市', 211200),
(211282, '开原市', 211200),
(211300, '朝阳市', 210000),
(211302, '双塔区', 211300),
(211303, '龙城区', 211300),
(211321, '朝阳县', 211300),
(211322, '建平县', 211300),
(211324, '喀喇沁左翼蒙古族自治', 211300),
(211381, '北票市', 211300),
(211382, '凌源市', 211300),
(211400, '葫芦岛市', 210000),
(211402, '连山区', 211400),
(211403, '龙港区', 211400),
(211404, '南票区', 211400),
(211421, '绥中县', 211400),
(211422, '建昌县', 211400),
(211481, '兴城市', 211400),
(220000, '吉林省', 0),
(220100, '长春市', 220000),
(220102, '南关区', 220100),
(220103, '宽城区', 220100),
(220104, '朝阳区', 220100),
(220105, '二道区', 220100),
(220106, '绿园区', 220100),
(220112, '双阳区', 220100),
(220122, '农安县', 220100),
(220181, '九台市', 220100),
(220182, '榆树市', 220100),
(220183, '德惠市', 220100),
(220200, '吉林市', 220000),
(220202, '昌邑区', 220200),
(220203, '龙潭区', 220200),
(220204, '船营区', 220200),
(220211, '丰满区', 220200),
(220221, '永吉县', 220200),
(220281, '蛟河市', 220200),
(220282, '桦甸市', 220200),
(220283, '舒兰市', 220200),
(220284, '磐石市', 220200),
(220300, '四平市', 220000),
(220302, '铁西区', 220300),
(220303, '铁东区', 220300),
(220322, '梨树县', 220300),
(220323, '伊通满族自治县', 220300),
(220381, '公主岭市', 220300),
(220382, '双辽市', 220300),
(220400, '辽源市', 220000),
(220402, '龙山区', 220400),
(220403, '西安区', 220400),
(220421, '东丰县', 220400),
(220422, '东辽县', 220400),
(220500, '通化市', 220000),
(220502, '东昌区', 220500),
(220503, '二道江区', 220500),
(220521, '通化县', 220500),
(220523, '辉南县', 220500),
(220524, '柳河县', 220500),
(220581, '梅河口市', 220500),
(220582, '集安市', 220500),
(220600, '白山市', 220000),
(220602, '八道江区', 220600),
(220605, '江源区', 220600),
(220621, '抚松县', 220600),
(220622, '靖宇县', 220600),
(220623, '长白朝鲜族自治县', 220600),
(220681, '临江市', 220600),
(220700, '松原市', 220000),
(220702, '宁江区', 220700),
(220721, '前郭尔罗斯蒙古族自治', 220700),
(220722, '长岭县', 220700),
(220723, '乾安县', 220700),
(220724, '扶余县', 220700),
(220800, '白城市', 220000),
(220802, '洮北区', 220800),
(220821, '镇赉县', 220800),
(220822, '通榆县', 220800),
(220881, '洮南市', 220800),
(220882, '大安市', 220800),
(222400, '延边朝鲜族自治州', 220000),
(222401, '延吉市', 222400),
(222402, '图们市', 222400),
(222403, '敦化市', 222400),
(222404, '珲春市', 222400),
(222405, '龙井市', 222400),
(222406, '和龙市', 222400),
(222424, '汪清县', 222400),
(222426, '安图县', 222400),
(230000, '黑龙江省', 0),
(230100, '哈尔滨市', 230000),
(230102, '道里区', 230100),
(230103, '南岗区', 230100),
(230104, '道外区', 230100),
(230108, '平房区', 230100),
(230109, '松北区', 230100),
(230110, '香坊区', 230100),
(230111, '呼兰区', 230100),
(230123, '依兰县', 230100),
(230124, '方正县', 230100),
(230125, '宾县', 230100),
(230126, '巴彦县', 230100),
(230127, '木兰县', 230100),
(230128, '通河县', 230100),
(230129, '延寿县', 230100),
(230182, '双城市', 230100),
(230183, '尚志市', 230100),
(230184, '五常市', 230100),
(230200, '齐齐哈尔市', 230000),
(230202, '龙沙区', 230200),
(230203, '建华区', 230200),
(230204, '铁锋区', 230200),
(230205, '昂昂溪区', 230200),
(230206, '富拉尔基区', 230200),
(230207, '碾子山区', 230200),
(230208, '梅里斯达斡尔族区', 230200),
(230221, '龙江县', 230200),
(230223, '依安县', 230200),
(230224, '泰来县', 230200),
(230225, '甘南县', 230200),
(230227, '富裕县', 230200),
(230229, '克山县', 230200),
(230230, '克东县', 230200),
(230231, '拜泉县', 230200),
(230281, '讷河市', 230200),
(230300, '鸡西市', 230000),
(230302, '鸡冠区', 230300),
(230303, '恒山区', 230300),
(230304, '滴道区', 230300),
(230305, '梨树区', 230300),
(230306, '城子河区', 230300),
(230307, '麻山区', 230300),
(230321, '鸡东县', 230300),
(230381, '虎林市', 230300),
(230382, '密山市', 230300),
(230400, '鹤岗市', 230000),
(230402, '向阳区', 230400),
(230403, '工农区', 230400),
(230404, '南山区', 230400),
(230405, '兴安区', 230400),
(230406, '东山区', 230400),
(230407, '兴山区', 230400),
(230421, '萝北县', 230400),
(230422, '绥滨县', 230400),
(230500, '双鸭山市', 230000),
(230502, '尖山区', 230500),
(230503, '岭东区', 230500),
(230505, '四方台区', 230500),
(230506, '宝山区', 230500),
(230521, '集贤县', 230500),
(230522, '友谊县', 230500),
(230523, '宝清县', 230500),
(230524, '饶河县', 230500),
(230600, '大庆市', 230000),
(230602, '萨尔图区', 230600),
(230603, '龙凤区', 230600),
(230604, '让胡路区', 230600),
(230605, '红岗区', 230600),
(230606, '大同区', 230600),
(230621, '肇州县', 230600),
(230622, '肇源县', 230600),
(230623, '林甸县', 230600),
(230624, '杜尔伯特蒙古族自治县', 230600),
(230700, '伊春市', 230000),
(230702, '伊春区', 230700),
(230703, '南岔区', 230700),
(230704, '友好区', 230700),
(230705, '西林区', 230700),
(230706, '翠峦区', 230700),
(230707, '新青区', 230700),
(230708, '美溪区', 230700),
(230709, '金山屯区', 230700),
(230710, '五营区', 230700),
(230711, '乌马河区', 230700),
(230712, '汤旺河区', 230700),
(230713, '带岭区', 230700),
(230714, '乌伊岭区', 230700),
(230715, '红星区', 230700),
(230716, '上甘岭区', 230700),
(230722, '嘉荫县', 230700),
(230781, '铁力市', 230700),
(230800, '佳木斯市', 230000),
(230803, '向阳区', 230800),
(230804, '前进区', 230800),
(230805, '东风区', 230800),
(230811, '郊区', 230800),
(230822, '桦南县', 230800),
(230826, '桦川县', 230800),
(230828, '汤原县', 230800),
(230833, '抚远县', 230800),
(230881, '同江市', 230800),
(230882, '富锦市', 230800),
(230900, '七台河市', 230000),
(230902, '新兴区', 230900),
(230903, '桃山区', 230900),
(230904, '茄子河区', 230900),
(230921, '勃利县', 230900),
(231000, '牡丹江市', 230000),
(231024, '东宁县', 231000),
(231025, '林口县', 231000),
(231081, '绥芬河市', 231000),
(231083, '海林市', 231000),
(231084, '宁安市', 231000),
(231085, '穆棱市', 231000),
(231100, '黑河市', 230000),
(231102, '爱辉区', 231100),
(231121, '嫩江县', 231100),
(231123, '逊克县', 231100),
(231124, '孙吴县', 231100),
(231181, '北安市', 231100),
(231182, '五大连池市', 231100),
(231200, '绥化市', 230000),
(231202, '北林区', 231200),
(231221, '望奎县', 231200),
(231222, '兰西县', 231200),
(231223, '青冈县', 231200),
(231224, '庆安县', 231200),
(231225, '明水县', 231200),
(231226, '绥棱县', 231200),
(231281, '安达市', 231200),
(231282, '肇东市', 231200),
(231283, '海伦市', 231200),
(232700, '大兴安岭地区', 230000),
(232721, '呼玛县', 232700),
(232722, '塔河县', 232700),
(232723, '漠河县', 232700),
(310000, '上海市', 0),
(310100, '上海市', 310000),
(310101, '黄浦区', 310100),
(310103, '卢湾区', 310100),
(310104, '徐汇区', 310100),
(310105, '长宁区', 310100),
(310106, '静安区', 310100),
(310107, '普陀区', 310100),
(310108, '闸北区', 310100),
(310109, '虹口区', 310100),
(310110, '杨浦区', 310100),
(310112, '闵行区', 310100),
(310113, '宝山区', 310100),
(310114, '嘉定区', 310100),
(310115, '浦东新区 (*)', 310100),
(310116, '金山区', 310100),
(310117, '松江区', 310100),
(310118, '青浦区', 310100),
(310120, '奉贤区', 310100),
(310230, '崇明县', 310100),
(320000, '江苏省', 0),
(320100, '南京市', 320000),
(320102, '玄武区', 320100),
(320103, '白下区', 320100),
(320104, '秦淮区', 320100),
(320105, '建邺区', 320100),
(320106, '鼓楼区', 320100),
(320107, '下关区', 320100),
(320111, '浦口区', 320100),
(320113, '栖霞区', 320100),
(320114, '雨花台区', 320100),
(320115, '江宁区', 320100),
(320116, '六合区', 320100),
(320124, '溧水县', 320100),
(320125, '高淳县', 320100),
(320200, '无锡市', 320000),
(320201, '新区', 320200),
(320202, '崇安区', 320200),
(320203, '南长区', 320200),
(320204, '北塘区', 320200),
(320205, '锡山区', 320200),
(320206, '惠山区', 320200),
(320211, '滨湖区', 320200),
(320281, '江阴市', 320200),
(320282, '宜兴市', 320200),
(320300, '徐州市', 320000),
(320302, '鼓楼区', 320300),
(320303, '云龙区', 320300),
(320304, '九里区', 320300),
(320305, '贾汪区', 320300),
(320311, '泉山区', 320300),
(320321, '丰县', 320300),
(320322, '沛县', 320300),
(320323, '铜山县', 320300),
(320324, '睢宁县', 320300),
(320381, '新沂市', 320300),
(320382, '邳州市', 320300),
(320400, '常州市', 320000),
(320402, '天宁区', 320400),
(320404, '钟楼区', 320400),
(320405, '戚墅堰区', 320400),
(320411, '新北区', 320400),
(320412, '武进区', 320400),
(320481, '溧阳市', 320400),
(320482, '金坛市', 320400),
(320500, '苏州市', 320000),
(320502, '沧浪区', 320500),
(320503, '平江区', 320500),
(320504, '金阊区', 320500),
(320505, '虎丘区', 320500),
(320506, '吴中区', 320500),
(320507, '相城区', 320500),
(320509, '工业园区', 320500),
(320510, '高新区', 320500),
(320581, '常熟市', 320500),
(320582, '张家港市', 320500),
(320583, '昆山市', 320000),
(320584, '吴江市', 320500),
(320585, '太仓市', 320500),
(320600, '南通市', 320000),
(320602, '崇川区', 320600),
(320611, '港闸区', 320600),
(320612, '通州区', 320600),
(320621, '海安县', 320600),
(320623, '如东县', 320600),
(320681, '启东市', 320600),
(320682, '如皋市', 320600),
(320684, '海门市', 320600),
(320700, '连云港市', 320000),
(320703, '连云区', 320700),
(320705, '新浦区', 320700),
(320706, '海州区', 320700),
(320721, '赣榆县', 320700),
(320722, '东海县', 320700),
(320723, '灌云县', 320700),
(320724, '灌南县', 320700),
(320800, '淮安市', 320000),
(320802, '清河区', 320800),
(320803, '楚州区', 320800),
(320804, '淮阴区', 320800),
(320811, '清浦区', 320800),
(320826, '涟水县', 320800),
(320829, '洪泽县', 320800),
(320830, '盱眙县', 320800),
(320831, '金湖县', 320800),
(320900, '盐城市', 320000),
(320902, '亭湖区', 320900),
(320903, '盐都区', 320900),
(320921, '响水县', 320900),
(320922, '滨海县', 320900),
(320923, '阜宁县', 320900),
(320924, '射阳县', 320900),
(320925, '建湖县', 320900),
(320981, '东台市', 320900),
(320982, '大丰市', 320900),
(321000, '扬州市', 320000),
(321011, '维扬区', 321000),
(321023, '宝应县', 321000),
(321081, '仪征市', 321000),
(321084, '高邮市', 321000),
(321088, '江都市', 321000),
(321089, '邗江区', 321000),
(321100, '镇江市', 320000),
(321102, '京口区', 321100),
(321111, '润州区', 321100),
(321112, '丹徒区', 321100),
(321181, '丹阳市', 321100),
(321182, '扬中市', 321100),
(321183, '句容市', 321100),
(321200, '泰州市', 320000),
(321202, '海陵区', 321200),
(321203, '高港区', 321200),
(321281, '兴化市', 321200),
(321282, '靖江市', 321200),
(321283, '泰兴市', 321200),
(321284, '姜堰市', 321200),
(321300, '宿迁市', 320000),
(321302, '宿城区', 321300),
(321311, '宿豫区', 321300),
(321322, '沭阳县', 321300),
(321323, '泗阳县', 321300),
(321324, '泗洪县', 321300),
(321401, '花桥镇', 320583),
(321402, '江苏昆山萧林中路', 320583),
(330000, '浙江省', 0),
(330100, '杭州市', 330000),
(330102, '上城区', 330100),
(330103, '下城区', 330100),
(330104, '江干区', 330100),
(330105, '拱墅区', 330100),
(330106, '西湖区', 330100),
(330108, '滨江区', 330100),
(330109, '萧山区', 330100),
(330110, '余杭区', 330100),
(330122, '桐庐县', 330100),
(330127, '淳安县', 330100),
(330182, '建德市', 330100),
(330183, '富阳市', 330100),
(330185, '临安市', 330100),
(330200, '宁波市', 330000),
(330203, '海曙区', 330200),
(330204, '江东区', 330200),
(330205, '江北区', 330200),
(330206, '北仑区', 330200),
(330211, '镇海区', 330200),
(330212, '鄞州区', 330200),
(330225, '象山县', 330200),
(330226, '宁海县', 330200),
(330281, '余姚市', 330200),
(330282, '慈溪市', 330200),
(330283, '奉化市', 330200),
(330300, '温州市', 330000),
(330302, '鹿城区', 330300),
(330303, '龙湾区', 330300),
(330304, '瓯海区', 330300),
(330322, '洞头县', 330300),
(330324, '永嘉县', 330300),
(330326, '平阳县', 330300),
(330327, '苍南县', 330300),
(330328, '文成县', 330300),
(330329, '泰顺县', 330300),
(330381, '瑞安市', 330300),
(330382, '乐清市', 330300),
(330400, '嘉兴市', 330000),
(330402, '南湖区', 330400),
(330411, '秀洲区', 330400),
(330421, '嘉善县', 330400),
(330424, '海盐县', 330400),
(330481, '海宁市', 330400),
(330482, '平湖市', 330400),
(330483, '桐乡市', 330400),
(330500, '湖州市', 330000),
(330502, '吴兴区', 330500),
(330503, '南浔区', 330500),
(330521, '德清县', 330500),
(330522, '长兴县', 330500),
(330523, '安吉县', 330500),
(330600, '绍兴市', 330000),
(330602, '越城区', 330600),
(330621, '绍兴县', 330600),
(330624, '新昌县', 330600),
(330681, '诸暨市', 330600),
(330682, '上虞市', 330600),
(330683, '嵊州市', 330600),
(330700, '金华市', 330000),
(330702, '婺城区', 330700),
(330703, '金东区', 330700),
(330723, '武义县', 330700),
(330726, '浦江县', 330700),
(330727, '磐安县', 330700),
(330781, '兰溪市', 330700),
(330782, '义乌市', 330700),
(330783, '东阳市', 330700),
(330784, '永康市', 330700),
(330800, '衢州市', 330000),
(330802, '柯城区', 330800),
(330803, '衢江区', 330800),
(330822, '常山县', 330800),
(330824, '开化县', 330800),
(330825, '龙游县', 330800),
(330881, '江山市', 330800),
(330900, '舟山市', 330000),
(330902, '定海区', 330900),
(330903, '普陀区', 330900),
(330921, '岱山县', 330900),
(330922, '嵊泗县', 330900),
(331000, '台州市', 330000),
(331021, '玉环县', 331000),
(331022, '三门县', 331000),
(331023, '天台县', 331000),
(331024, '仙居县', 331000),
(331081, '温岭市', 331000),
(331082, '临海市', 331000),
(331100, '丽水市', 330000),
(331102, '莲都区', 331100),
(331121, '青田县', 331100),
(331122, '缙云县', 331100),
(331123, '遂昌县', 331100),
(331124, '松阳县', 331100),
(331125, '云和县', 331100),
(331126, '庆元县', 331100),
(331127, '景宁畲族自治县', 331100),
(331181, '龙泉市', 331100),
(340000, '安徽省', 0),
(340100, '合肥市', 340000),
(340102, '瑶海区', 340100),
(340103, '庐阳区', 340100),
(340104, '蜀山区', 340100),
(340111, '包河区', 340100),
(340121, '长丰县', 340100),
(340122, '肥东县', 340100),
(340123, '肥西县', 340100),
(340124, '经开区', 340100),
(340200, '芜湖市', 340000),
(340202, '镜湖区', 340200),
(340203, '弋江区', 340200),
(340207, '鸠江区', 340200),
(340208, '三山区', 340200),
(340221, '芜湖县', 340200),
(340222, '繁昌县', 340200),
(340223, '南陵县', 340200),
(340300, '蚌埠市', 340000),
(340302, '龙子湖区', 340300),
(340303, '蚌山区', 340300),
(340304, '禹会区', 340300),
(340311, '淮上区', 340300),
(340321, '怀远县', 340300),
(340322, '五河县', 340300),
(340323, '固镇县', 340300),
(340400, '淮南市', 340000),
(340402, '大通区', 340400),
(340403, '田家庵区', 340400),
(340404, '谢家集区', 340400),
(340405, '八公山区', 340400),
(340406, '潘集区', 340400),
(340421, '凤台县', 340400),
(340500, '马鞍山市', 340000),
(340502, '金家庄区', 340500),
(340503, '花山区', 340500),
(340504, '雨山区', 340500),
(340521, '当涂县', 340500),
(340600, '淮北市', 340000),
(340602, '杜集区', 340600),
(340603, '相山区', 340600),
(340604, '烈山区', 340600),
(340621, '濉溪县', 340600),
(340700, '铜陵市', 340000),
(340702, '铜官山区', 340700),
(340703, '狮子山区', 340700),
(340711, '郊区', 340700),
(340721, '铜陵县', 340700),
(340800, '安庆市', 340000),
(340802, '迎江区', 340800),
(340803, '大观区', 340800),
(340811, '宜秀区', 340800),
(340822, '怀宁县', 340800),
(340823, '枞阳县', 340800),
(340824, '潜山县', 340800),
(340825, '太湖县', 340800),
(340826, '宿松县', 340800),
(340827, '望江县', 340800),
(340828, '岳西县', 340800),
(340881, '桐城市', 340800),
(341000, '黄山市', 340000),
(341021, '歙县', 341000),
(341022, '休宁县', 341000),
(341023, '黟县', 341000),
(341024, '祁门县', 341000),
(341100, '滁州市', 340000),
(341102, '琅琊区', 341100),
(341103, '南谯区', 341100),
(341122, '来安县', 341100),
(341124, '全椒县', 341100),
(341125, '定远县', 341100),
(341126, '凤阳县', 341100),
(341181, '天长市', 341100),
(341182, '明光市', 341100),
(341200, '阜阳市', 340000),
(341202, '颍州区', 341200),
(341203, '颍东区', 341200),
(341204, '颍泉区', 341200),
(341221, '临泉县', 341200),
(341222, '太和县', 341200),
(341225, '阜南县', 341200),
(341226, '颍上县', 341200),
(341282, '界首市', 341200),
(341300, '宿州市', 340000),
(341302, '埇桥区', 341300),
(341321, '砀山县', 341300),
(341322, '萧县', 341300),
(341323, '灵璧县', 341300),
(341324, '泗县', 341300),
(341400, '巢湖市', 340000),
(341402, '居巢区', 341400),
(341421, '庐江县', 341400),
(341422, '无为县', 341400),
(341423, '含山县', 341400),
(341424, '和县', 341400),
(341500, '六安市', 340000),
(341502, '金安区', 341500),
(341503, '裕安区', 341500),
(341521, '寿县', 341500),
(341522, '霍邱县', 341500),
(341523, '舒城县', 341500),
(341524, '金寨县', 341500),
(341525, '霍山县', 341500),
(341600, '亳州市', 340000),
(341602, '谯城区', 341600),
(341621, '涡阳县', 341600),
(341622, '蒙城县', 341600),
(341623, '利辛县', 341600),
(341700, '池州市', 340000),
(341702, '贵池区', 341700),
(341721, '东至县', 341700),
(341722, '石台县', 341700),
(341723, '青阳县', 341700),
(341800, '宣城市', 340000),
(341802, '宣州区', 341800),
(341821, '郎溪县', 341800),
(341822, '广德县', 341800),
(341823, '泾县', 341800),
(341824, '绩溪县', 341800),
(341825, '旌德县', 341800),
(341881, '宁国市', 341800),
(350000, '福建省', 0),
(350100, '福州市', 350000),
(350102, '鼓楼区', 350100),
(350103, '台江区', 350100),
(350104, '仓山区', 350100),
(350105, '马尾区', 350100),
(350111, '晋安区', 350100),
(350121, '闽侯县', 350100),
(350122, '连江县', 350100),
(350123, '罗源县', 350100),
(350124, '闽清县', 350100),
(350125, '永泰县', 350100),
(350128, '平潭县', 350100),
(350181, '福清市', 350100),
(350182, '长乐市', 350100),
(350200, '厦门市', 350000),
(350203, '思明区', 350200),
(350205, '海沧区', 350200),
(350206, '湖里区', 350200),
(350211, '集美区', 350200),
(350212, '同安区', 350200),
(350213, '翔安区', 350200),
(350300, '莆田市', 350000),
(350302, '城厢区', 350300),
(350303, '涵江区', 350300),
(350304, '荔城区', 350300),
(350305, '秀屿区', 350300),
(350322, '仙游县', 350300),
(350400, '三明市', 350000),
(350402, '梅列区', 350400),
(350403, '三元区', 350400),
(350421, '明溪县', 350400),
(350423, '清流县', 350400),
(350424, '宁化县', 350400),
(350425, '大田县', 350400),
(350426, '尤溪县', 350400),
(350427, '沙县', 350400),
(350428, '将乐县', 350400),
(350429, '泰宁县', 350400),
(350430, '建宁县', 350400),
(350481, '永安市', 350400),
(350500, '泉州市', 350000),
(350502, '鲤城区', 350500),
(350503, '丰泽区', 350500),
(350504, '洛江区', 350500),
(350505, '泉港区', 350500),
(350521, '惠安县', 350500),
(350524, '安溪县', 350500),
(350525, '永春县', 350500),
(350526, '德化县', 350500),
(350527, '金门县', 350500),
(350581, '石狮市', 350500),
(350582, '晋江市', 350500),
(350583, '南安市', 350500),
(350600, '漳州市', 350000),
(350602, '芗城区', 350600),
(350603, '龙文区', 350600),
(350622, '云霄县', 350600),
(350623, '漳浦县', 350600),
(350624, '诏安县', 350600),
(350625, '长泰县', 350600),
(350626, '东山县', 350600),
(350627, '南靖县', 350600),
(350628, '平和县', 350600),
(350629, '华安县', 350600),
(350681, '龙海市', 350600),
(350700, '南平市', 350000),
(350702, '延平区', 350700),
(350721, '顺昌县', 350700),
(350722, '浦城县', 350700),
(350723, '光泽县', 350700),
(350724, '松溪县', 350700),
(350725, '政和县', 350700),
(350781, '邵武市', 350700),
(350782, '武夷山市', 350700),
(350783, '建瓯市', 350700),
(350784, '建阳市', 350700),
(350800, '龙岩市', 350000),
(350802, '新罗区', 350800),
(350821, '长汀县', 350800),
(350822, '永定县', 350800),
(350823, '上杭县', 350800),
(350824, '武平县', 350800),
(350825, '连城县', 350800),
(350881, '漳平市', 350800),
(350900, '宁德市', 350000),
(350902, '蕉城区', 350900),
(350921, '霞浦县', 350900),
(350922, '古田县', 350900),
(350923, '屏南县', 350900),
(350924, '寿宁县', 350900),
(350925, '周宁县', 350900),
(350926, '柘荣县', 350900),
(350981, '福安市', 350900),
(350982, '福鼎市', 350900),
(360000, '江西省', 0),
(360100, '南昌市', 360000),
(360102, '东湖区', 360100),
(360103, '西湖区', 360100),
(360104, '青云谱区', 360100),
(360105, '湾里区', 360100),
(360111, '青山湖区', 360100),
(360121, '南昌县', 360100),
(360122, '新建县', 360100),
(360123, '安义县', 360100),
(360124, '进贤县', 360100),
(360200, '景德镇市', 360000),
(360202, '昌江区', 360200),
(360203, '珠山区', 360200),
(360222, '浮梁县', 360200),
(360281, '乐平市', 360200),
(360300, '萍乡市', 360000),
(360302, '安源区', 360300),
(360313, '湘东区', 360300),
(360321, '莲花县', 360300),
(360322, '上栗县', 360300),
(360323, '芦溪县', 360300),
(360400, '九江市', 360000),
(360402, '庐山区', 360400),
(360403, '浔阳区', 360400),
(360421, '九江县', 360400),
(360423, '武宁县', 360400),
(360424, '修水县', 360400),
(360425, '永修县', 360400),
(360426, '德安县', 360400),
(360427, '星子县', 360400),
(360428, '都昌县', 360400),
(360429, '湖口县', 360400),
(360430, '彭泽县', 360400),
(360481, '瑞昌市', 360400),
(360482, '八里湖', 360400),
(360500, '新余市', 360000),
(360502, '渝水区', 360500),
(360521, '分宜县', 360500),
(360600, '鹰潭市', 360000),
(360602, '月湖区', 360600),
(360622, '余江县', 360600),
(360681, '贵溪市', 360600),
(360700, '赣州市', 360000),
(360702, '章贡区', 360700),
(360721, '赣县', 360700),
(360722, '信丰县', 360700),
(360723, '大余县', 360700),
(360724, '上犹县', 360700),
(360725, '崇义县', 360700),
(360726, '安远县', 360700),
(360727, '龙南县', 360700),
(360728, '定南县', 360700),
(360729, '全南县', 360700),
(360730, '宁都县', 360700),
(360731, '于都县', 360700),
(360732, '兴国县', 360700),
(360733, '会昌县', 360700),
(360734, '寻乌县', 360700),
(360735, '石城县', 360700),
(360781, '瑞金市', 360700),
(360782, '南康市', 360700),
(360800, '吉安市', 360000),
(360802, '吉州区', 360800),
(360803, '青原区', 360800),
(360821, '吉安县', 360800),
(360822, '吉水县', 360800),
(360823, '峡江县', 360800),
(360824, '新干县', 360800),
(360825, '永丰县', 360800),
(360826, '泰和县', 360800),
(360827, '遂川县', 360800),
(360828, '万安县', 360800),
(360829, '安福县', 360800),
(360830, '永新县', 360800),
(360881, '井冈山市', 360800),
(360900, '宜春市', 360000),
(360902, '袁州区', 360900),
(360921, '奉新县', 360900),
(360922, '万载县', 360900),
(360923, '上高县', 360900),
(360924, '宜丰县', 360900),
(360925, '靖安县', 360900),
(360926, '铜鼓县', 360900),
(360981, '丰城市', 360900),
(360982, '樟树市', 360900),
(360983, '高安市', 360900),
(361000, '抚州市', 360000),
(361021, '南城县', 361000),
(361022, '黎川县', 361000),
(361023, '南丰县', 361000),
(361024, '崇仁县', 361000),
(361025, '乐安县', 361000),
(361026, '宜黄县', 361000),
(361027, '金溪县', 361000),
(361028, '资溪县', 361000),
(361029, '东乡县', 361000),
(361030, '广昌县', 361000),
(361100, '上饶市', 360000),
(361102, '信州区', 361100),
(361121, '上饶县', 361100),
(361122, '广丰县', 361100),
(361123, '玉山县', 361100),
(361124, '铅山县', 361100),
(361125, '横峰县', 361100),
(361126, '弋阳县', 361100),
(361127, '余干县', 361100),
(361128, '鄱阳县', 361100),
(361129, '万年县', 361100),
(361130, '婺源县', 361100),
(361181, '德兴市', 361100),
(370000, '山东省', 0),
(370100, '济南市', 370000),
(370102, '历下区', 370100),
(370103, '市中区', 370100),
(370104, '槐荫区', 370100),
(370105, '天桥区', 370100),
(370112, '历城区', 370100),
(370113, '长清区', 370100),
(370124, '平阴县', 370100),
(370125, '济阳县', 370100),
(370126, '商河县', 370100),
(370181, '章丘市', 370100),
(370200, '青岛市', 370000),
(370202, '市南区', 370200),
(370203, '市北区', 370200),
(370205, '四方区', 370200),
(370211, '黄岛区', 370200),
(370212, '崂山区', 370200),
(370213, '李沧区', 370200),
(370214, '城阳区', 370200),
(370281, '胶州市', 370200),
(370282, '即墨市', 370200),
(370283, '平度市', 370200),
(370284, '胶南市', 370200),
(370285, '莱西市', 370200),
(370286, '经济技术开发区', 370200),
(370300, '淄博市', 370000),
(370302, '淄川区', 370300),
(370303, '张店区', 370300),
(370304, '博山区', 370300),
(370305, '临淄区', 370300),
(370306, '周村区', 370300),
(370321, '桓台县', 370300),
(370322, '高青县', 370300),
(370323, '沂源县', 370300),
(370400, '枣庄市', 370000),
(370402, '市中区', 370400),
(370403, '薛城区', 370400),
(370404, '峄城区', 370400),
(370405, '台儿庄区', 370400),
(370406, '山亭区', 370400),
(370481, '滕州市', 370400),
(370500, '东营市', 370000),
(370502, '东营区', 370500),
(370503, '河口区', 370500),
(370521, '垦利县', 370500),
(370522, '利津县', 370500),
(370523, '广饶县', 370500),
(370600, '烟台市', 370000),
(370602, '芝罘区', 370600),
(370611, '福山区', 370600),
(370612, '牟平区', 370600),
(370613, '莱山区', 370600),
(370634, '长岛县', 370600),
(370681, '龙口市', 370600),
(370682, '莱阳市', 370600),
(370683, '莱州市', 370600),
(370684, '蓬莱市', 370600),
(370685, '招远市', 370600),
(370686, '栖霞市', 370600),
(370687, '海阳市', 370600),
(370700, '潍坊市', 370000),
(370702, '潍城区', 370700),
(370703, '寒亭区', 370700),
(370704, '坊子区', 370700),
(370705, '奎文区', 370700),
(370724, '临朐县', 370700),
(370725, '昌乐县', 370700),
(370781, '青州市', 370700),
(370782, '诸城市', 370700),
(370783, '寿光市', 370700),
(370784, '安丘市', 370700),
(370785, '高密市', 370700),
(370786, '昌邑市', 370700),
(370800, '济宁市', 370000),
(370802, '市中区', 370800),
(370811, '任城区', 370800),
(370826, '微山县', 370800),
(370827, '鱼台县', 370800),
(370828, '金乡县', 370800),
(370829, '嘉祥县', 370800),
(370830, '汶上县', 370800),
(370831, '泗水县', 370800),
(370832, '梁山县', 370800),
(370881, '曲阜市', 370800),
(370882, '兖州市', 370800),
(370883, '邹城市', 370800),
(370900, '泰安市', 370000),
(370902, '泰山区', 370900),
(370911, '岱岳区', 370900),
(370921, '宁阳县', 370900),
(370923, '东平县', 370900),
(370982, '新泰市', 370900),
(370983, '肥城市', 370900),
(371000, '威海市', 370000),
(371081, '文登市', 371000),
(371082, '荣成市', 371000),
(371083, '乳山市', 371000),
(371100, '日照市', 370000),
(371102, '东港区', 371100),
(371103, '岚山区', 371100),
(371121, '五莲县', 371100),
(371122, '莒县', 371100),
(371200, '莱芜市', 370000),
(371202, '莱城区', 371200),
(371203, '钢城区', 371200),
(371300, '临沂市', 370000),
(371302, '兰山区', 371300),
(371311, '罗庄区', 371300),
(371312, '河东区', 371300),
(371321, '沂南县', 371300),
(371322, '郯城县', 371300),
(371323, '沂水县', 371300),
(371324, '苍山县', 371300),
(371325, '费县', 371300),
(371326, '平邑县', 371300),
(371327, '莒南县', 371300),
(371328, '蒙阴县', 371300),
(371329, '临沭县', 371300),
(371400, '德州市', 370000),
(371402, '德城区', 371400),
(371421, '陵县', 371400),
(371422, '宁津县', 371400),
(371423, '庆云县', 371400),
(371424, '临邑县', 371400),
(371425, '齐河县', 371400),
(371426, '平原县', 371400),
(371427, '夏津县', 371400),
(371428, '武城县', 371400),
(371481, '乐陵市', 371400),
(371482, '禹城市', 371400),
(371500, '聊城市', 370000),
(371502, '东昌府区', 371500),
(371521, '阳谷县', 371500),
(371522, '莘县', 371500),
(371523, '茌平县', 371500),
(371524, '东阿县', 371500),
(371525, '冠县', 371500),
(371526, '高唐县', 371500),
(371581, '临清市', 371500),
(371600, '滨州市', 370000),
(371602, '滨城区', 371600),
(371621, '惠民县', 371600),
(371622, '阳信县', 371600),
(371623, '无棣县', 371600),
(371624, '沾化县', 371600),
(371625, '博兴县', 371600),
(371626, '邹平县', 371600),
(371700, '菏泽市', 370000),
(371702, '牡丹区', 371700),
(371721, '曹县', 371700),
(371722, '单县', 371700),
(371723, '成武县', 371700),
(371724, '巨野县', 371700),
(371725, '郓城县', 371700),
(371726, '鄄城县', 371700),
(371727, '定陶县', 371700),
(371728, '东明县', 371700),
(410000, '河南省', 0),
(410100, '郑州市', 410000),
(410102, '中原区', 410100),
(410103, '二七区', 410100),
(410104, '管城回族区', 410100),
(410105, '金水区', 410100),
(410106, '上街区', 410100),
(410108, '惠济区', 410100),
(410122, '中牟县', 410100),
(410181, '巩义市', 410100),
(410182, '荥阳市', 410100),
(410183, '新密市', 410100),
(410184, '新郑市', 410100),
(410185, '登封市', 410100),
(410186, '郑东新区', 410100),
(410200, '开封市', 410000),
(410202, '龙亭区', 410200),
(410203, '顺河回族区', 410200),
(410204, '鼓楼区', 410200),
(410205, '禹王台区', 410200),
(410211, '金明区', 410200),
(410221, '杞县', 410200),
(410222, '通许县', 410200),
(410223, '尉氏县', 410200),
(410224, '开封县', 410200),
(410225, '兰考县', 410200),
(410300, '洛阳市', 410000),
(410302, '老城区', 410300),
(410303, '西工区', 410300),
(410304, '瀍河回族区', 410300),
(410305, '涧西区', 410300),
(410306, '吉利区', 410300),
(410311, '洛龙区', 410300),
(410322, '孟津县', 410300),
(410323, '新安县', 410300),
(410324, '栾川县', 410300),
(410325, '嵩县', 410300),
(410326, '汝阳县', 410300),
(410327, '宜阳县', 410300),
(410328, '洛宁县', 410300),
(410329, '伊川县', 410300),
(410381, '偃师市', 410300),
(410400, '平顶山市', 410000),
(410402, '新华区', 410400),
(410403, '卫东区', 410400),
(410404, '石龙区', 410400),
(410411, '湛河区', 410400),
(410421, '宝丰县', 410400),
(410422, '叶县', 410400),
(410423, '鲁山县', 410400),
(410425, '郏县', 410400),
(410481, '舞钢市', 410400),
(410482, '汝州市', 410400),
(410500, '安阳市', 410000),
(410502, '文峰区', 410500),
(410503, '北关区', 410500),
(410505, '殷都区', 410500),
(410506, '龙安区', 410500),
(410522, '安阳县', 410500),
(410523, '汤阴县', 410500),
(410526, '滑县', 410500),
(410527, '内黄县', 410500),
(410581, '林州市', 410500),
(410600, '鹤壁市', 410000),
(410602, '鹤山区', 410600),
(410603, '山城区', 410600),
(410611, '淇滨区', 410600),
(410621, '浚县', 410600),
(410622, '淇县', 410600),
(410700, '新乡市', 410000),
(410702, '红旗区', 410700),
(410703, '卫滨区', 410700),
(410704, '凤泉区', 410700),
(410711, '牧野区', 410700),
(410721, '新乡县', 410700),
(410724, '获嘉县', 410700),
(410725, '原阳县', 410700),
(410726, '延津县', 410700),
(410727, '封丘县', 410700),
(410728, '长垣县', 410700),
(410781, '卫辉市', 410700),
(410782, '辉县市', 410700),
(410800, '焦作市', 410000),
(410802, '解放区', 410800),
(410803, '中站区', 410800),
(410804, '马村区', 410800),
(410811, '山阳区', 410800),
(410821, '修武县', 410800),
(410822, '博爱县', 410800),
(410823, '武陟县', 410800),
(410825, '温县', 410800),
(410882, '沁阳市', 410800),
(410883, '孟州市', 410800),
(410900, '濮阳市', 410000),
(410902, '华龙区', 410900),
(410922, '清丰县', 410900),
(410923, '南乐县', 410900),
(410926, '范县', 410900),
(410927, '台前县', 410900),
(410928, '濮阳县', 410900),
(411000, '许昌市', 410000),
(411023, '许昌县', 411000),
(411024, '鄢陵县', 411000),
(411025, '襄城县', 411000),
(411081, '禹州市', 411000),
(411082, '长葛市', 411000),
(411100, '漯河市', 410000),
(411102, '源汇区', 411100),
(411103, '郾城区', 411100),
(411104, '召陵区', 411100),
(411121, '舞阳县', 411100),
(411122, '临颍县', 411100),
(411200, '三门峡市', 410000),
(411202, '湖滨区', 411200),
(411221, '渑池县', 411200),
(411222, '陕县', 411200),
(411224, '卢氏县', 411200),
(411281, '义马市', 411200),
(411282, '灵宝市', 411200),
(411300, '南阳市', 410000),
(411302, '宛城区', 411300),
(411303, '卧龙区', 411300),
(411321, '南召县', 411300),
(411322, '方城县', 411300),
(411323, '西峡县', 411300),
(411324, '镇平县', 411300),
(411325, '内乡县', 411300),
(411326, '淅川县', 411300),
(411327, '社旗县', 411300),
(411328, '唐河县', 411300),
(411329, '新野县', 411300),
(411330, '桐柏县', 411300),
(411381, '邓州市', 411300),
(411400, '商丘市', 410000),
(411402, '梁园区', 411400),
(411403, '睢阳区', 411400),
(411421, '民权县', 411400),
(411422, '睢县', 411400),
(411423, '宁陵县', 411400),
(411424, '柘城县', 411400),
(411425, '虞城县', 411400),
(411426, '夏邑县', 411400),
(411481, '永城市', 411400),
(411500, '信阳市', 410000),
(411502, '浉河区', 411500),
(411503, '平桥区', 411500),
(411521, '罗山县', 411500),
(411522, '光山县', 411500),
(411523, '新县', 411500),
(411524, '商城县', 411500),
(411525, '固始县', 411500),
(411526, '潢川县', 411500),
(411527, '淮滨县', 411500),
(411528, '息县', 411500),
(411600, '周口市', 410000),
(411602, '川汇区', 411600),
(411621, '扶沟县', 411600),
(411622, '西华县', 411600),
(411623, '商水县', 411600),
(411624, '沈丘县', 411600),
(411625, '郸城县', 411600),
(411626, '淮阳县', 411600),
(411627, '太康县', 411600),
(411628, '鹿邑县', 411600),
(411681, '项城市', 411600),
(411700, '驻马店市', 410000),
(411702, '驿城区', 411700),
(411721, '西平县', 411700),
(411722, '上蔡县', 411700),
(411723, '平舆县', 411700),
(411724, '正阳县', 411700),
(411725, '确山县', 411700),
(411726, '泌阳县', 411700),
(411727, '汝南县', 411700),
(411728, '遂平县', 411700),
(411729, '新蔡县', 411700),
(419001, '济源市', 410000),
(420000, '湖北省', 0),
(420100, '武汉市', 420000),
(420102, '江岸区', 420100),
(420103, '江汉区', 420100),
(420104, '硚口区', 420100),
(420105, '汉阳区', 420100),
(420106, '武昌区', 420100),
(420107, '青山区', 420100),
(420111, '洪山区', 420100);
INSERT INTO `area` (`id`, `name`, `pid`) VALUES
(420112, '东西湖区', 420100),
(420113, '汉南区', 420100),
(420114, '蔡甸区', 420100),
(420115, '江夏区', 420100),
(420116, '黄陂区', 420100),
(420117, '新洲区', 420100),
(420200, '黄石市', 420000),
(420202, '黄石港区', 420200),
(420203, '西塞山区', 420200),
(420204, '下陆区', 420200),
(420205, '铁山区', 420200),
(420222, '阳新县', 420200),
(420281, '大冶市', 420200),
(420300, '十堰市', 420000),
(420302, '茅箭区', 420300),
(420303, '张湾区', 420300),
(420321, '郧县', 420300),
(420322, '郧西县', 420300),
(420323, '竹山县', 420300),
(420324, '竹溪县', 420300),
(420325, '房县', 420300),
(420381, '丹江口市', 420300),
(420500, '宜昌市', 420000),
(420502, '西陵区', 420500),
(420503, '伍家岗区', 420500),
(420504, '点军区', 420500),
(420505, '猇亭区', 420500),
(420506, '夷陵区', 420500),
(420525, '远安县', 420500),
(420526, '兴山县', 420500),
(420527, '秭归县', 420500),
(420528, '长阳土家族自治县', 420500),
(420529, '五峰土家族自治县', 420500),
(420581, '宜都市', 420500),
(420582, '当阳市', 420500),
(420583, '枝江市', 420500),
(420600, '襄樊市', 420000),
(420602, '襄城区', 420600),
(420606, '樊城区', 420600),
(420607, '襄阳区', 420600),
(420624, '南漳县', 420600),
(420625, '谷城县', 420600),
(420626, '保康县', 420600),
(420682, '老河口市', 420600),
(420683, '枣阳市', 420600),
(420684, '宜城市', 420600),
(420700, '鄂州市', 420000),
(420702, '梁子湖区', 420700),
(420703, '华容区', 420700),
(420704, '鄂城区', 420700),
(420800, '荆门市', 420000),
(420802, '东宝区', 420800),
(420804, '掇刀区', 420800),
(420821, '京山县', 420800),
(420822, '沙洋县', 420800),
(420881, '钟祥市', 420800),
(420900, '孝感市', 420000),
(420902, '孝南区', 420900),
(420921, '孝昌县', 420900),
(420922, '大悟县', 420900),
(420923, '云梦县', 420900),
(420981, '应城市', 420900),
(420982, '安陆市', 420900),
(420984, '汉川市', 420900),
(421000, '荆州市', 420000),
(421002, '沙市区', 421000),
(421022, '公安县', 421000),
(421023, '监利县', 421000),
(421024, '江陵县', 421000),
(421081, '石首市', 421000),
(421083, '洪湖市', 421000),
(421087, '松滋市', 421000),
(421100, '黄冈市', 420000),
(421102, '黄州区', 421100),
(421121, '团风县', 421100),
(421122, '红安县', 421100),
(421123, '罗田县', 421100),
(421124, '英山县', 421100),
(421125, '浠水县', 421100),
(421126, '蕲春县', 421100),
(421127, '黄梅县', 421100),
(421181, '麻城市', 421100),
(421182, '武穴市', 421100),
(421200, '咸宁市', 420000),
(421202, '咸安区', 421200),
(421221, '嘉鱼县', 421200),
(421222, '通城县', 421200),
(421223, '崇阳县', 421200),
(421224, '通山县', 421200),
(421281, '赤壁市', 421200),
(421300, '随州市', 420000),
(421303, '曾都区 (*)', 421300),
(421381, '广水市', 421300),
(422800, '恩施市', 420000),
(422801, '恩施市', 422800),
(422802, '利川市', 422800),
(422822, '建始县', 422800),
(422823, '巴东县', 422800),
(422825, '宣恩县', 422800),
(422826, '咸丰县', 422800),
(422827, '来凤县', 422800),
(422828, '鹤峰县', 422800),
(429000, '省直辖县级行政区划', 420000),
(429004, '仙桃市', 429000),
(429005, '潜江市', 429000),
(429006, '天门市', 429000),
(429021, '神农架林区', 429000),
(430000, '湖南省', 0),
(430100, '长沙市', 430000),
(430102, '芙蓉区', 430100),
(430103, '天心区', 430100),
(430104, '岳麓区', 430100),
(430105, '开福区', 430100),
(430111, '雨花区', 430100),
(430121, '长沙县', 430100),
(430122, '望城县', 430100),
(430124, '宁乡县', 430100),
(430181, '浏阳市', 430100),
(430200, '株洲市', 430000),
(430202, '荷塘区', 430200),
(430203, '芦淞区', 430200),
(430204, '石峰区', 430200),
(430211, '天元区', 430200),
(430221, '株洲县', 430200),
(430223, '攸县', 430200),
(430224, '茶陵县', 430200),
(430225, '炎陵县', 430200),
(430281, '醴陵市', 430200),
(430300, '湘潭市', 430000),
(430302, '雨湖区', 430300),
(430304, '岳塘区', 430300),
(430321, '湘潭县', 430300),
(430381, '湘乡市', 430300),
(430382, '韶山市', 430300),
(430400, '衡阳市', 430000),
(430405, '珠晖区', 430400),
(430406, '雁峰区', 430400),
(430407, '石鼓区', 430400),
(430408, '蒸湘区', 430400),
(430412, '南岳区', 430400),
(430421, '衡阳县', 430400),
(430422, '衡南县', 430400),
(430423, '衡山县', 430400),
(430424, '衡东县', 430400),
(430426, '祁东县', 430400),
(430481, '耒阳市', 430400),
(430482, '常宁市', 430400),
(430500, '邵阳市', 430000),
(430502, '双清区', 430500),
(430503, '大祥区', 430500),
(430511, '北塔区', 430500),
(430521, '邵东县', 430500),
(430522, '新邵县', 430500),
(430523, '邵阳县', 430500),
(430524, '隆回县', 430500),
(430525, '洞口县', 430500),
(430527, '绥宁县', 430500),
(430528, '新宁县', 430500),
(430529, '城步苗族自治县', 430500),
(430581, '武冈市', 430500),
(430600, '岳阳市', 430000),
(430602, '岳阳楼区', 430600),
(430603, '云溪区', 430600),
(430611, '君山区', 430600),
(430621, '岳阳县', 430600),
(430623, '华容县', 430600),
(430624, '湘阴县', 430600),
(430626, '平江县', 430600),
(430681, '汨罗市', 430600),
(430682, '临湘市', 430600),
(430700, '常德市', 430000),
(430702, '武陵区', 430700),
(430703, '鼎城区', 430700),
(430721, '安乡县', 430700),
(430722, '汉寿县', 430700),
(430723, '澧县', 430700),
(430724, '临澧县', 430700),
(430725, '桃源县', 430700),
(430726, '石门县', 430700),
(430781, '津市市', 430700),
(430800, '张家界市', 430000),
(430802, '永定区', 430800),
(430811, '武陵源区', 430800),
(430821, '慈利县', 430800),
(430822, '桑植县', 430800),
(430900, '益阳市', 430000),
(430902, '资阳区', 430900),
(430903, '赫山区', 430900),
(430921, '南县', 430900),
(430922, '桃江县', 430900),
(430923, '安化县', 430900),
(430981, '沅江市', 430900),
(431000, '郴州市', 430000),
(431021, '桂阳县', 431000),
(431022, '宜章县', 431000),
(431023, '永兴县', 431000),
(431024, '嘉禾县', 431000),
(431025, '临武县', 431000),
(431026, '汝城县', 431000),
(431027, '桂东县', 431000),
(431028, '安仁县', 431000),
(431081, '资兴市', 431000),
(431100, '永州市', 430000),
(431102, '零陵区', 431100),
(431103, '冷水滩区', 431100),
(431121, '祁阳县', 431100),
(431122, '东安县', 431100),
(431123, '双牌县', 431100),
(431124, '道县', 431100),
(431125, '江永县', 431100),
(431126, '宁远县', 431100),
(431127, '蓝山县', 431100),
(431128, '新田县', 431100),
(431129, '江华瑶族自治县', 431100),
(431200, '怀化市', 430000),
(431202, '鹤城区', 431200),
(431221, '中方县', 431200),
(431222, '沅陵县', 431200),
(431223, '辰溪县', 431200),
(431224, '溆浦县', 431200),
(431225, '会同县', 431200),
(431226, '麻阳苗族自治县', 431200),
(431227, '新晃侗族自治县', 431200),
(431228, '芷江侗族自治县', 431200),
(431229, '靖州苗族侗族自治县', 431200),
(431230, '通道侗族自治县', 431200),
(431281, '洪江市', 431200),
(431300, '娄底市', 430000),
(431302, '娄星区', 431300),
(431321, '双峰县', 431300),
(431322, '新化县', 431300),
(431381, '冷水江市', 431300),
(431382, '涟源市', 431300),
(433100, '湘西土家族苗族自治州', 430000),
(433101, '吉首市', 433100),
(433122, '泸溪县', 433100),
(433123, '凤凰县', 433100),
(433124, '花垣县', 433100),
(433125, '保靖县', 433100),
(433126, '古丈县', 433100),
(433127, '永顺县', 433100),
(433130, '龙山县', 433100),
(440000, '广东省', 0),
(440100, '广州市', 440000),
(440103, '荔湾区', 440100),
(440104, '越秀区', 440100),
(440105, '海珠区', 440100),
(440106, '天河区', 440100),
(440111, '白云区', 440100),
(440112, '黄埔区', 440100),
(440113, '番禺区', 440100),
(440114, '花都区', 440100),
(440115, '南沙区', 440100),
(440116, '萝岗区', 440100),
(440183, '增城市', 440100),
(440184, '从化市', 440100),
(440200, '韶关市', 440000),
(440203, '武江区', 440200),
(440204, '浈江区', 440200),
(440205, '曲江区', 440200),
(440222, '始兴县', 440200),
(440224, '仁化县', 440200),
(440229, '翁源县', 440200),
(440232, '乳源瑶族自治县', 440200),
(440233, '新丰县', 440200),
(440281, '乐昌市', 440200),
(440282, '南雄市', 440200),
(440300, '深圳市', 440000),
(440303, '罗湖区', 440300),
(440304, '福田区', 440300),
(440305, '南山区', 440300),
(440306, '宝安区', 440300),
(440307, '龙岗区', 440300),
(440308, '盐田区', 440300),
(440400, '珠海市', 440000),
(440402, '香洲区', 440400),
(440403, '斗门区', 440400),
(440404, '金湾区', 440400),
(440500, '汕头市', 440000),
(440507, '龙湖区', 440500),
(440511, '金平区', 440500),
(440512, '濠江区', 440500),
(440513, '潮阳区', 440500),
(440514, '潮南区', 440500),
(440515, '澄海区', 440500),
(440523, '南澳县', 440500),
(440600, '佛山市', 440000),
(440604, '禅城区', 440600),
(440605, '南海区', 440600),
(440606, '顺德区', 440600),
(440607, '三水区', 440600),
(440608, '高明区', 440600),
(440700, '江门市', 440000),
(440703, '蓬江区', 440700),
(440704, '江海区', 440700),
(440705, '新会区', 440700),
(440781, '台山市', 440700),
(440783, '开平市', 440700),
(440784, '鹤山市', 440700),
(440785, '恩平市', 440700),
(440800, '湛江市', 440000),
(440802, '赤坎区', 440800),
(440803, '霞山区', 440800),
(440804, '坡头区', 440800),
(440811, '麻章区', 440800),
(440823, '遂溪县', 440800),
(440825, '徐闻县', 440800),
(440881, '廉江市', 440800),
(440882, '雷州市', 440800),
(440883, '吴川市', 440800),
(440900, '茂名市', 440000),
(440902, '茂南区', 440900),
(440903, '茂港区', 440900),
(440923, '电白县', 440900),
(440981, '高州市', 440900),
(440982, '化州市', 440900),
(440983, '信宜市', 440900),
(441200, '肇庆市', 440000),
(441202, '端州区', 441200),
(441203, '鼎湖区', 441200),
(441223, '广宁县', 441200),
(441224, '怀集县', 441200),
(441225, '封开县', 441200),
(441226, '德庆县', 441200),
(441283, '高要市', 441200),
(441284, '四会市', 441200),
(441300, '惠州市', 440000),
(441302, '惠城区', 441300),
(441303, '惠阳区', 441300),
(441322, '博罗县', 441300),
(441323, '惠东县', 441300),
(441324, '龙门县', 441300),
(441400, '梅州市', 440000),
(441402, '梅江区', 441400),
(441421, '梅县', 441400),
(441422, '大埔县', 441400),
(441423, '丰顺县', 441400),
(441424, '五华县', 441400),
(441426, '平远县', 441400),
(441427, '蕉岭县', 441400),
(441481, '兴宁市', 441400),
(441500, '汕尾市', 440000),
(441502, '城区', 441500),
(441521, '海丰县', 441500),
(441523, '陆河县', 441500),
(441581, '陆丰市', 441500),
(441600, '河源市', 440000),
(441602, '源城区', 441600),
(441621, '紫金县', 441600),
(441622, '龙川县', 441600),
(441623, '连平县', 441600),
(441624, '和平县', 441600),
(441625, '东源县', 441600),
(441700, '阳江市', 440000),
(441702, '江城区', 441700),
(441721, '阳西县', 441700),
(441723, '阳东县', 441700),
(441781, '阳春市', 441700),
(441800, '清远市', 440000),
(441802, '清城区', 441800),
(441821, '佛冈县', 441800),
(441823, '阳山县', 441800),
(441825, '连山壮族瑶族自治县', 441800),
(441826, '连南瑶族自治县', 441800),
(441827, '清新县', 441800),
(441881, '英德市', 441800),
(441882, '连州市', 441800),
(441900, '东莞市', 440000),
(441901, '常平镇', 441900),
(441902, '凤岗镇', 441900),
(442000, '中山市', 440000),
(442022, '石岐街道', 442000),
(442023, '东区街道', 442000),
(442024, '西区街道', 442000),
(442025, '南区街道', 442000),
(442026, '五桂山街道', 442000),
(442027, '中山港街道', 442000),
(445100, '潮州市', 440000),
(445102, '湘桥区', 445100),
(445121, '潮安县', 445100),
(445122, '饶平县', 445100),
(445200, '揭阳市', 440000),
(445202, '榕城区', 445200),
(445221, '揭东县', 445200),
(445222, '揭西县', 445200),
(445224, '惠来县', 445200),
(445281, '普宁市', 445200),
(445300, '云浮市', 440000),
(445302, '云城区', 445300),
(445321, '新兴县', 445300),
(445322, '郁南县', 445300),
(445323, '云安县', 445300),
(445381, '罗定市', 445300),
(450000, '广西壮族自治区', 0),
(450100, '南宁市', 450000),
(450102, '兴宁区', 450100),
(450103, '青秀区', 450100),
(450105, '江南区', 450100),
(450107, '西乡塘区', 450100),
(450108, '良庆区', 450100),
(450109, '邕宁区', 450100),
(450122, '武鸣县', 450100),
(450123, '隆安县', 450100),
(450124, '马山县', 450100),
(450125, '上林县', 450100),
(450126, '宾阳县', 450100),
(450127, '横县', 450100),
(450200, '柳州市', 450000),
(450202, '城中区', 450200),
(450203, '鱼峰区', 450200),
(450204, '柳南区', 450200),
(450205, '柳北区', 450200),
(450221, '柳江县', 450200),
(450222, '柳城县', 450200),
(450223, '鹿寨县', 450200),
(450224, '融安县', 450200),
(450225, '融水苗族自治县', 450200),
(450226, '三江侗族自治县', 450200),
(450300, '桂林市', 450000),
(450302, '秀峰区', 450300),
(450303, '叠彩区', 450300),
(450304, '象山区', 450300),
(450305, '七星区', 450300),
(450311, '雁山区', 450300),
(450321, '阳朔县', 450300),
(450322, '临桂县', 450300),
(450323, '灵川县', 450300),
(450324, '全州县', 450300),
(450325, '兴安县', 450300),
(450326, '永福县', 450300),
(450327, '灌阳县', 450300),
(450328, '龙胜各族自治县', 450300),
(450329, '资源县', 450300),
(450330, '平乐县', 450300),
(450331, '荔蒲县', 450300),
(450332, '恭城瑶族自治县', 450300),
(450400, '梧州市', 450000),
(450403, '万秀区', 450400),
(450404, '蝶山区', 450400),
(450405, '长洲区', 450400),
(450421, '苍梧县', 450400),
(450422, '藤县', 450400),
(450423, '蒙山县', 450400),
(450481, '岑溪市', 450400),
(450500, '北海市', 450000),
(450502, '海城区', 450500),
(450503, '银海区', 450500),
(450512, '铁山港区', 450500),
(450521, '合浦县', 450500),
(450600, '防城港市', 450000),
(450602, '港口区', 450600),
(450603, '防城区', 450600),
(450621, '上思县', 450600),
(450681, '东兴市', 450600),
(450700, '钦州市', 450000),
(450702, '钦南区', 450700),
(450703, '钦北区', 450700),
(450721, '灵山县', 450700),
(450722, '浦北县', 450700),
(450800, '贵港市', 450000),
(450802, '港北区', 450800),
(450803, '港南区', 450800),
(450804, '覃塘区', 450800),
(450821, '平南县', 450800),
(450881, '桂平市', 450800),
(450900, '玉林市', 450000),
(450902, '玉州区', 450900),
(450921, '容县', 450900),
(450922, '陆川县', 450900),
(450923, '博白县', 450900),
(450924, '兴业县', 450900),
(450981, '北流市', 450900),
(451000, '百色市', 450000),
(451021, '田阳县', 451000),
(451022, '田东县', 451000),
(451023, '平果县', 451000),
(451024, '德保县', 451000),
(451025, '靖西县', 451000),
(451026, '那坡县', 451000),
(451027, '凌云县', 451000),
(451028, '乐业县', 451000),
(451029, '田林县', 451000),
(451030, '西林县', 451000),
(451031, '隆林各族自治县', 451000),
(451100, '贺州市', 450000),
(451102, '八步区', 451100),
(451121, '昭平县', 451100),
(451122, '钟山县', 451100),
(451123, '富川瑶族自治县', 451100),
(451200, '河池市', 450000),
(451202, '金城江区', 451200),
(451221, '南丹县', 451200),
(451222, '天峨县', 451200),
(451223, '凤山县', 451200),
(451224, '东兰县', 451200),
(451225, '罗城仫佬族自治县', 451200),
(451226, '环江毛南族自治县', 451200),
(451227, '巴马瑶族自治县', 451200),
(451228, '都安瑶族自治县', 451200),
(451229, '大化瑶族自治县', 451200),
(451281, '宜州市', 451200),
(451300, '来宾市', 450000),
(451302, '兴宾区', 451300),
(451321, '忻城县', 451300),
(451322, '象州县', 451300),
(451323, '武宣县', 451300),
(451324, '金秀瑶族自治县', 451300),
(451381, '合山市', 451300),
(451400, '崇左市', 450000),
(451402, '江洲区', 451400),
(451421, '扶绥县', 451400),
(451422, '宁明县', 451400),
(451423, '龙州县', 451400),
(451424, '大新县', 451400),
(451425, '天等县', 451400),
(451481, '凭祥市', 451400),
(460000, '海南省', 0),
(460100, '海口市', 460000),
(460105, '秀英区', 460100),
(460106, '龙华区', 460100),
(460107, '琼山区', 460100),
(460108, '美兰区', 460100),
(460200, '三亚市', 460000),
(469000, '省直辖县级行政区划', 460000),
(469001, '五指山市', 460000),
(469002, '琼海市', 460000),
(469003, '儋州市', 460000),
(469005, '文昌市', 460000),
(469006, '万宁市', 460000),
(469007, '东方市', 460000),
(469012, '温泉镇', 469002),
(469021, '定安县', 469000),
(469022, '屯昌县', 469000),
(469023, '澄迈县', 469000),
(469024, '临高县', 469000),
(469025, '白沙黎族自治县', 469000),
(469026, '昌江黎族自治县', 469000),
(469027, '乐东黎族自治县', 469000),
(469028, '陵水黎族自治县', 469000),
(469029, '保亭黎族苗族自治县', 469000),
(469030, '琼中黎族苗族自治县', 469000),
(469031, '西沙群岛', 469000),
(469032, '南沙群岛', 469000),
(469033, '中沙群岛的岛礁及其海', 469000),
(500000, '重庆市', 0),
(500100, '重庆市', 500000),
(500101, '万州区', 500100),
(500102, '涪陵区', 500100),
(500103, '渝中区', 500100),
(500104, '大渡口区', 500100),
(500105, '江北区', 500100),
(500106, '沙坪坝区', 500100),
(500107, '九龙坡区', 500100),
(500108, '南岸区', 500100),
(500109, '北碚区', 500100),
(500110, '万盛区', 500100),
(500111, '双桥区', 500100),
(500112, '渝北区', 500100),
(500113, '巴南区', 500100),
(500114, '黔江区', 500100),
(500115, '长寿区', 500100),
(500116, '江津区', 500100),
(500117, '合川区', 500100),
(500118, '永川区', 500100),
(500119, '南川区', 500100),
(500222, '綦江县', 500100),
(500223, '潼南县', 500100),
(500224, '铜梁县', 500100),
(500225, '大足县', 500100),
(500226, '荣昌县', 500100),
(500227, '璧山县', 500100),
(500228, '梁平县', 500100),
(500229, '城口县', 500100),
(500230, '丰都县', 500100),
(500231, '垫江县', 500100),
(500232, '武隆县', 500100),
(500233, '忠县', 500100),
(500234, '开县', 500100),
(500235, '云阳县', 500100),
(500236, '奉节县', 500100),
(500237, '巫山县', 500100),
(500238, '巫溪县', 500100),
(500240, '石柱土家族自治县', 500100),
(500241, '秀山土家族苗族自治县', 500100),
(500242, '酉阳土家族苗族自治县', 500100),
(500243, '彭水苗族土家族自治县', 500100),
(510000, '四川省', 0),
(510100, '成都市', 510000),
(510104, '锦江区', 510100),
(510105, '青羊区', 510100),
(510106, '金牛区', 510100),
(510107, '武侯区', 510100),
(510108, '成华区', 510100),
(510112, '龙泉驿区', 510100),
(510113, '青白江区', 510100),
(510114, '新都区', 510100),
(510115, '温江区', 510100),
(510121, '金堂县', 510100),
(510122, '双流县', 510100),
(510124, '郫县', 510100),
(510129, '大邑县', 510100),
(510131, '蒲江县', 510100),
(510132, '新津县', 510100),
(510181, '都江堰市', 510100),
(510182, '彭州市', 510100),
(510183, '邛崃市', 510100),
(510184, '崇州市', 510100),
(510300, '自贡市', 510000),
(510302, '自流井区', 510300),
(510303, '贡井区', 510300),
(510304, '大安区', 510300),
(510311, '沿滩区', 510300),
(510321, '荣县', 510300),
(510322, '富顺县', 510300),
(510400, '攀枝花市', 510000),
(510402, '东区', 510400),
(510403, '西区', 510400),
(510411, '仁和区', 510400),
(510421, '米易县', 510400),
(510422, '盐边县', 510400),
(510500, '泸州市', 510000),
(510502, '江阳区', 510500),
(510503, '纳溪区', 510500),
(510504, '龙马潭区', 510500),
(510521, '泸县', 510500),
(510522, '合江县', 510500),
(510524, '叙永县', 510500),
(510525, '古蔺县', 510500),
(510600, '德阳市', 510000),
(510603, '旌阳区', 510600),
(510623, '中江县', 510600),
(510626, '罗江县', 510600),
(510681, '广汉市', 510600),
(510682, '什邡市', 510600),
(510683, '绵竹市', 510600),
(510700, '绵阳市', 510000),
(510703, '涪城区', 510700),
(510704, '游仙区', 510700),
(510722, '三台县', 510700),
(510723, '盐亭县', 510700),
(510724, '安县', 510700),
(510725, '梓潼县', 510700),
(510726, '北川羌族自治县', 510700),
(510727, '平武县', 510700),
(510781, '江油市', 510700),
(510800, '广元市', 510000),
(510802, '利州区', 510800),
(510811, '元坝区', 510800),
(510812, '朝天区', 510800),
(510821, '旺苍县', 510800),
(510822, '青川县', 510800),
(510823, '剑阁县', 510800),
(510824, '苍溪县', 510800),
(510900, '遂宁市', 510000),
(510903, '船山区', 510900),
(510904, '安居区', 510900),
(510921, '蓬溪县', 510900),
(510922, '射洪县', 510900),
(510923, '大英县', 510900),
(511000, '内江市', 510000),
(511011, '东兴区', 511000),
(511024, '威远县', 511000),
(511025, '资中县', 511000),
(511028, '隆昌县', 511000),
(511100, '乐山市', 510000),
(511102, '市中区', 511100),
(511111, '沙湾区', 511100),
(511112, '五通桥区', 511100),
(511113, '金口河区', 511100),
(511123, '犍为县', 511100),
(511124, '井研县', 511100),
(511126, '夹江县', 511100),
(511129, '沐川县', 511100),
(511132, '峨边彝族自治县', 511100),
(511133, '马边彝族自治县', 511100),
(511181, '峨眉山市', 511100),
(511300, '南充市', 510000),
(511302, '顺庆区', 511300),
(511303, '高坪区', 511300),
(511304, '嘉陵区', 511300),
(511321, '南部县', 511300),
(511322, '营山县', 511300),
(511323, '蓬安县', 511300),
(511324, '仪陇县', 511300),
(511325, '西充县', 511300),
(511381, '阆中市', 511300),
(511400, '眉山市', 510000),
(511402, '东坡区', 511400),
(511421, '仁寿县', 511400),
(511422, '彭山县', 511400),
(511423, '洪雅县', 511400),
(511424, '丹棱县', 511400),
(511425, '青神县', 511400),
(511500, '宜宾市', 510000),
(511502, '翠屏区', 511500),
(511521, '宜宾县', 511500),
(511522, '南溪县', 511500),
(511523, '江安县', 511500),
(511524, '长宁县', 511500),
(511525, '高县', 511500),
(511526, '珙县', 511500),
(511527, '筠连县', 511500),
(511528, '兴文县', 511500),
(511529, '屏山县', 511500),
(511600, '广安市', 510000),
(511602, '广安区', 511600),
(511621, '岳池县', 511600),
(511622, '武胜县', 511600),
(511623, '邻水县', 511600),
(511681, '华蓥市', 511600),
(511700, '达州市', 510000),
(511702, '通川区', 511700),
(511721, '达县', 511700),
(511722, '宣汉县', 511700),
(511723, '开江县', 511700),
(511724, '大竹县', 511700),
(511725, '渠县', 511700),
(511781, '万源市', 511700),
(511800, '雅安市', 510000),
(511802, '雨城区', 511800),
(511821, '名山县', 511800),
(511822, '荥经县', 511800),
(511823, '汉源县', 511800),
(511824, '石棉县', 511800),
(511825, '天全县', 511800),
(511826, '芦山县', 511800),
(511827, '宝兴县', 511800),
(511900, '巴中市', 510000),
(511902, '巴州区', 511900),
(511921, '通江县', 511900),
(511922, '南江县', 511900),
(511923, '平昌县', 511900),
(512000, '资阳市', 510000),
(512021, '安岳县', 512000),
(512022, '乐至县', 512000),
(512081, '简阳市', 512000),
(513200, '阿坝藏族羌族自治州', 510000),
(513221, '汶川县', 513200),
(513222, '理县', 513200),
(513223, '茂县', 513200),
(513224, '松潘县', 513200),
(513225, '九寨沟县', 513200),
(513226, '金川县', 513200),
(513227, '小金县', 513200),
(513228, '黑水县', 513200),
(513229, '马尔康县', 513200),
(513230, '壤塘县', 513200),
(513231, '阿坝县', 513200),
(513232, '若尔盖县', 513200),
(513233, '红原县', 513200),
(513300, '甘孜藏族自治州', 510000),
(513321, '康定县', 513300),
(513322, '泸定县', 513300),
(513323, '丹巴县', 513300),
(513324, '九龙县', 513300),
(513325, '雅江县', 513300),
(513326, '道孚县', 513300),
(513327, '炉霍县', 513300),
(513328, '甘孜县', 513300),
(513329, '新龙县', 513300),
(513330, '德格县', 513300),
(513331, '白玉县', 513300),
(513332, '石渠县', 513300),
(513333, '色达县', 513300),
(513334, '理塘县', 513300),
(513335, '巴塘县', 513300),
(513336, '乡城县', 513300),
(513337, '稻城县', 513300),
(513338, '得荣县', 513300),
(513400, '凉山彝族自治州', 510000),
(513401, '西昌市', 513400),
(513422, '木里藏族自治县', 513400),
(513423, '盐源县', 513400),
(513424, '德昌县', 513400),
(513425, '会理县', 513400),
(513426, '会东县', 513400),
(513427, '宁南县', 513400),
(513428, '普格县', 513400),
(513429, '布拖县', 513400),
(513430, '金阳县', 513400),
(513431, '昭觉县', 513400),
(513432, '喜德县', 513400),
(513433, '冕宁县', 513400),
(513434, '越西县', 513400),
(513435, '甘洛县', 513400),
(513436, '美姑县', 513400),
(513437, '雷波县', 513400),
(520000, '贵州省', 0),
(520100, '贵阳市', 520000),
(520102, '南明区', 520100),
(520103, '云岩区', 520100),
(520111, '花溪区', 520100),
(520112, '乌当区', 520100),
(520113, '白云区', 520100),
(520114, '小河区', 520100),
(520121, '开阳县', 520100),
(520122, '息烽县', 520100),
(520123, '修文县', 520100),
(520181, '清镇市', 520100),
(520200, '六盘水市', 520000),
(520201, '钟山区', 520200),
(520203, '六枝特区', 520200),
(520221, '水城县', 520200),
(520222, '盘县', 520200),
(520300, '遵义市', 520000),
(520302, '红花岗区', 520300),
(520303, '汇川区', 520300),
(520321, '遵义县', 520300),
(520322, '桐梓县', 520300),
(520323, '绥阳县', 520300),
(520324, '正安县', 520300),
(520325, '道真仡佬族苗族自治县', 520300),
(520326, '务川仡佬族苗族自治县', 520300),
(520327, '凤冈县', 520300),
(520328, '湄潭县', 520300),
(520329, '余庆县', 520300),
(520330, '习水县', 520300),
(520381, '赤水市', 520300),
(520382, '仁怀市', 520300),
(520400, '安顺市', 520000),
(520402, '西秀区', 520400),
(520421, '平坝县', 520400),
(520422, '普定县', 520400),
(520423, '镇宁布依族苗族自治县', 520400),
(520424, '关岭布依族苗族自治县', 520400),
(520425, '紫云苗族布依族自治县', 520400),
(522200, '铜仁地区', 520000),
(522201, '铜仁市', 522200),
(522222, '江口县', 522200),
(522223, '玉屏侗族自治县', 522200),
(522224, '石阡县', 522200),
(522225, '思南县', 522200),
(522226, '印江土家族苗族自治县', 522200),
(522227, '德江县', 522200),
(522228, '沿河土家族自治县', 522200),
(522229, '松桃苗族自治县', 522200),
(522230, '万山特区', 522200),
(522300, '黔西南布依族苗族自治', 520000),
(522301, '兴义市', 522300),
(522322, '兴仁县', 522300),
(522323, '普安县', 522300),
(522324, '晴隆县', 522300),
(522325, '贞丰县', 522300),
(522326, '望谟县', 522300),
(522327, '册亨县', 522300),
(522328, '安龙县', 522300),
(522400, '毕节地区', 520000),
(522401, '毕节市', 522400),
(522422, '大方县', 522400),
(522423, '黔西县', 522400),
(522424, '金沙县', 522400),
(522425, '织金县', 522400),
(522426, '纳雍县', 522400),
(522427, '威宁彝族回族苗族自治', 522400),
(522428, '赫章县', 522400),
(522600, '黔东南苗族侗族自治州', 520000),
(522601, '凯里市', 522600),
(522622, '黄平县', 522600),
(522623, '施秉县', 522600),
(522624, '三穗县', 522600),
(522625, '镇远县', 522600),
(522626, '岑巩县', 522600),
(522627, '天柱县', 522600),
(522628, '锦屏县', 522600),
(522629, '剑河县', 522600),
(522630, '台江县', 522600),
(522631, '黎平县', 522600),
(522632, '榕江县', 522600),
(522633, '从江县', 522600),
(522634, '雷山县', 522600),
(522635, '麻江县', 522600),
(522636, '丹寨县', 522600),
(522700, '黔南布依族苗族自治州', 520000),
(522701, '都匀市', 522700),
(522702, '福泉市', 522700),
(522722, '荔波县', 522700),
(522723, '贵定县', 522700),
(522725, '瓮安县', 522700),
(522726, '独山县', 522700),
(522727, '平塘县', 522700),
(522728, '罗甸县', 522700),
(522729, '长顺县', 522700),
(522730, '龙里县', 522700),
(522731, '惠水县', 522700),
(522732, '三都水族自治县', 522700),
(530000, '云南省', 0),
(530100, '昆明市', 530000),
(530102, '五华区', 530100),
(530103, '盘龙区', 530100),
(530111, '官渡区', 530100),
(530112, '西山区', 530100),
(530113, '东川区', 530100),
(530121, '呈贡县', 530100),
(530122, '晋宁县', 530100),
(530124, '富民县', 530100),
(530125, '宜良县', 530100),
(530126, '石林彝族自治县', 530100),
(530127, '嵩明县', 530100),
(530128, '禄劝彝族苗族自治县', 530100),
(530129, '寻甸回族彝族自治县', 530100),
(530181, '安宁市', 530100),
(530300, '曲靖市', 530000),
(530302, '麒麟区', 530300),
(530321, '马龙县', 530300),
(530322, '陆良县', 530300),
(530323, '师宗县', 530300),
(530324, '罗平县', 530300),
(530325, '富源县', 530300),
(530326, '会泽县', 530300),
(530328, '沾益县', 530300),
(530381, '宣威市', 530300),
(530400, '玉溪市', 530000),
(530402, '红塔区', 530400),
(530421, '江川县', 530400),
(530422, '澄江县', 530400),
(530423, '通海县', 530400),
(530424, '华宁县', 530400),
(530425, '易门县', 530400),
(530426, '峨山彝族自治县', 530400),
(530427, '新平彝族傣族自治县', 530400),
(530428, '元江哈尼族彝族傣族自', 530400),
(530500, '保山市', 530000),
(530502, '隆阳区', 530500),
(530521, '施甸县', 530500),
(530522, '腾冲县', 530500),
(530523, '龙陵县', 530500),
(530524, '昌宁县', 530500),
(530600, '昭通市', 530000),
(530602, '昭阳区', 530600),
(530621, '鲁甸县', 530600),
(530622, '巧家县', 530600),
(530623, '盐津县', 530600),
(530624, '大关县', 530600),
(530625, '永善县', 530600),
(530626, '绥江县', 530600),
(530627, '镇雄县', 530600),
(530628, '彝良县', 530600),
(530629, '威信县', 530600),
(530630, '水富县', 530600),
(530700, '丽江市', 530000),
(530702, '古城区', 530700),
(530721, '玉龙纳西族自治县', 530700),
(530722, '永胜县', 530700),
(530723, '华坪县', 530700),
(530724, '宁蒗彝族自治县', 530700),
(530800, '普洱市', 530000),
(530802, '思茅区', 530800),
(530821, '宁洱哈尼族彝族自治县', 530800),
(530822, '墨江哈尼族自治县', 530800),
(530823, '景东彝族自治县', 530800),
(530824, '景谷傣族彝族自治县', 530800),
(530825, '镇沅彝族哈尼族拉祜族', 530800),
(530826, '江城哈尼族彝族自治县', 530800),
(530827, '孟连傣族拉祜族佤族自', 530800),
(530828, '澜沧拉祜族自治县', 530800),
(530829, '西盟佤族自治县', 530800),
(530900, '临沧市', 530000),
(530902, '临翔区', 530900),
(530921, '凤庆县', 530900),
(530922, '云县', 530900),
(530923, '永德县', 530900),
(530924, '镇康县', 530900),
(530925, '双江拉祜族佤族布朗族', 530900),
(530926, '耿马傣族佤族自治县', 530900),
(530927, '沧源佤族自治县', 530900),
(532300, '楚雄彝族自治州', 530000),
(532301, '楚雄市', 532300),
(532322, '双柏县', 532300),
(532323, '牟定县', 532300),
(532324, '南华县', 532300),
(532325, '姚安县', 532300),
(532326, '大姚县', 532300),
(532327, '永仁县', 532300),
(532328, '元谋县', 532300),
(532329, '武定县', 532300),
(532331, '禄丰县', 532300),
(532500, '红河哈尼族彝族自治州', 530000),
(532501, '个旧市', 532500),
(532502, '开远市', 532500),
(532522, '蒙自县', 532500),
(532523, '屏边苗族自治县', 532500),
(532524, '建水县', 532500),
(532525, '石屏县', 532500),
(532526, '弥勒县', 532500),
(532527, '泸西县', 532500),
(532528, '元阳县', 532500),
(532529, '红河县', 532500),
(532530, '金平苗族瑶族傣族自治', 532500),
(532531, '绿春县', 532500),
(532532, '河口瑶族自治县', 532500),
(532600, '文山壮族苗族自治州', 530000),
(532621, '文山县', 532600),
(532622, '砚山县', 532600),
(532623, '西畴县', 532600),
(532624, '麻栗坡县', 532600),
(532625, '马关县', 532600),
(532626, '丘北县', 532600),
(532627, '广南县', 532600),
(532628, '富宁县', 532600),
(532800, '西双版纳傣族自治州', 530000),
(532801, '景洪市', 532800),
(532822, '勐海县', 532800),
(532823, '勐腊县', 532800),
(532900, '大理白族自治州', 530000),
(532901, '大理市', 532900),
(532922, '漾濞彝族自治县', 532900),
(532923, '祥云县', 532900),
(532924, '宾川县', 532900),
(532925, '弥渡县', 532900),
(532926, '南涧彝族自治县', 532900),
(532927, '巍山彝族回族自治县', 532900),
(532928, '永平县', 532900),
(532929, '云龙县', 532900),
(532930, '洱源县', 532900),
(532931, '剑川县', 532900),
(532932, '鹤庆县', 532900),
(533100, '德宏傣族景颇族自治州', 530000),
(533102, '瑞丽市', 533100),
(533103, '潞西市', 533100),
(533122, '梁河县', 533100),
(533123, '盈江县', 533100),
(533124, '陇川县', 533100),
(533300, '怒江傈僳族自治州', 530000),
(533321, '泸水县', 533300),
(533323, '福贡县', 533300),
(533324, '贡山独龙族怒族自治县', 533300),
(533325, '兰坪白族普米族自治县', 533300),
(533400, '迪庆藏族自治州', 530000),
(533421, '香格里拉县', 533400),
(533422, '德钦县', 533400),
(533423, '维西傈僳族自治县', 533400),
(540000, '西藏自治区', 0),
(540100, '拉萨市', 540000),
(540102, '城关区', 540100),
(540121, '林周县', 540100),
(540122, '当雄县', 540100),
(540123, '尼木县', 540100),
(540124, '曲水县', 540100),
(540125, '堆龙德庆县', 540100),
(540126, '达孜县', 540100),
(540127, '墨竹工卡县', 540100),
(542100, '昌都地区', 540000),
(542121, '昌都县', 542100),
(542122, '江达县', 542100),
(542123, '贡觉县', 542100),
(542124, '类乌齐县', 542100),
(542125, '丁青县', 542100),
(542126, '察雅县', 542100),
(542127, '八宿县', 542100),
(542128, '左贡县', 542100),
(542129, '芒康县', 542100),
(542132, '洛隆县', 542100),
(542133, '边坝县', 542100),
(542200, '山南地区', 540000),
(542221, '乃东县', 542200),
(542222, '扎囊县', 542200),
(542223, '贡嘎县', 542200),
(542224, '桑日县', 542200),
(542225, '琼结县', 542200),
(542226, '曲松县', 542200),
(542227, '措美县', 542200),
(542228, '洛扎县', 542200),
(542229, '加查县', 542200),
(542231, '隆子县', 542200),
(542232, '错那县', 542200),
(542233, '浪卡子县', 542200),
(542300, '日喀则地区', 540000),
(542301, '日喀则市', 542300),
(542322, '南木林县', 542300),
(542323, '江孜县', 542300),
(542324, '定日县', 542300),
(542325, '萨迦县', 542300),
(542326, '拉孜县', 542300),
(542327, '昂仁县', 542300),
(542328, '谢通门县', 542300),
(542329, '白朗县', 542300),
(542330, '仁布县', 542300),
(542331, '康马县', 542300),
(542332, '定结县', 542300),
(542333, '仲巴县', 542300),
(542334, '亚东县', 542300),
(542335, '吉隆县', 542300),
(542336, '聂拉木县', 542300),
(542337, '萨嘎县', 542300),
(542338, '岗巴县', 542300),
(542400, '那曲地区', 540000),
(542421, '那曲县', 542400),
(542422, '嘉黎县', 542400),
(542423, '比如县', 542400),
(542424, '聂荣县', 542400),
(542425, '安多县', 542400),
(542426, '申扎县', 542400),
(542427, '索县', 542400),
(542428, '班戈县', 542400),
(542429, '巴青县', 542400),
(542430, '尼玛县', 542400),
(542500, '阿里地区', 540000),
(542521, '普兰县', 542500),
(542522, '札达县', 542500),
(542523, '噶尔县', 542500),
(542524, '日土县', 542500),
(542525, '革吉县', 542500),
(542526, '改则县', 542500),
(542527, '措勤县', 542500),
(542600, '林芝地区', 540000),
(542621, '林芝县', 542600),
(542622, '工布江达县', 542600),
(542623, '米林县', 542600),
(542624, '墨脱县', 542600),
(542625, '波密县', 542600),
(542626, '察隅县', 542600),
(542627, '朗县', 542600),
(610000, '陕西省', 0),
(610100, '西安市', 610000),
(610102, '新城区', 610100),
(610103, '碑林区', 610100),
(610104, '莲湖区', 610100),
(610111, '灞桥区', 610100),
(610112, '未央区', 610100),
(610113, '雁塔区', 610100),
(610114, '阎良区', 610100),
(610115, '临潼区', 610100),
(610116, '长安区', 610100),
(610122, '蓝田县', 610100),
(610124, '周至县', 610100),
(610125, '户县', 610100),
(610126, '高陵县', 610100),
(610200, '铜川市', 610000),
(610202, '王益区', 610200),
(610203, '印台区', 610200),
(610204, '耀州区', 610200),
(610222, '宜君县', 610200),
(610300, '宝鸡市', 610000),
(610302, '渭滨区', 610300),
(610303, '金台区', 610300),
(610304, '陈仓区', 610300),
(610322, '凤翔县', 610300),
(610323, '岐山县', 610300),
(610324, '扶风县', 610300),
(610326, '眉县', 610300),
(610327, '陇县', 610300),
(610328, '千阳县', 610300),
(610329, '麟游县', 610300),
(610330, '凤县', 610300),
(610331, '太白县', 610300),
(610400, '咸阳市', 610000),
(610402, '秦都区', 610400),
(610403, '杨陵区', 610400),
(610404, '渭城区', 610400),
(610422, '三原县', 610400),
(610423, '泾阳县', 610400),
(610424, '乾县', 610400),
(610425, '礼泉县', 610400),
(610426, '永寿县', 610400),
(610427, '彬县', 610400),
(610428, '长武县', 610400),
(610429, '旬邑县', 610400),
(610430, '淳化县', 610400),
(610431, '武功县', 610400),
(610481, '兴平市', 610400),
(610500, '渭南市', 610000),
(610502, '临渭区', 610500),
(610521, '华县', 610500),
(610522, '潼关县', 610500),
(610523, '大荔县', 610500),
(610524, '合阳县', 610500),
(610525, '澄城县', 610500),
(610526, '蒲城县', 610500),
(610527, '白水县', 610500),
(610528, '富平县', 610500),
(610581, '韩城市', 610500),
(610582, '华阴市', 610500),
(610600, '延安市', 610000),
(610602, '宝塔区', 610600),
(610621, '延长县', 610600),
(610622, '延川县', 610600),
(610623, '子长县', 610600),
(610624, '安塞县', 610600),
(610625, '志丹县', 610600),
(610626, '吴起县', 610600),
(610627, '甘泉县', 610600),
(610628, '富县', 610600),
(610629, '洛川县', 610600),
(610630, '宜川县', 610600),
(610631, '黄龙县', 610600),
(610632, '黄陵县', 610600),
(610700, '汉中市', 610000),
(610702, '汉台区', 610700),
(610721, '南郑县', 610700),
(610722, '城固县', 610700),
(610723, '洋县', 610700),
(610724, '西乡县', 610700),
(610725, '勉县', 610700),
(610726, '宁强县', 610700),
(610727, '略阳县', 610700),
(610728, '镇巴县', 610700),
(610729, '留坝县', 610700),
(610730, '佛坪县', 610700),
(610800, '榆林市', 610000),
(610802, '榆阳区', 610800),
(610821, '神木县', 610800),
(610822, '府谷县', 610800),
(610823, '横山县', 610800),
(610824, '靖边县', 610800),
(610825, '定边县', 610800),
(610826, '绥德县', 610800),
(610827, '米脂县', 610800),
(610828, '佳县', 610800),
(610829, '吴堡县', 610800),
(610830, '清涧县', 610800),
(610831, '子洲县', 610800),
(610900, '安康市', 610000),
(610902, '汉滨区', 610900),
(610921, '汉阴县', 610900),
(610922, '石泉县', 610900),
(610923, '宁陕县', 610900),
(610924, '紫阳县', 610900),
(610925, '岚皋县', 610900),
(610926, '平利县', 610900),
(610927, '镇坪县', 610900),
(610928, '旬阳县', 610900),
(610929, '白河县', 610900),
(611000, '商洛市', 610000),
(611021, '洛南县', 611000),
(611022, '丹凤县', 611000),
(611023, '商南县', 611000),
(611024, '山阳县', 611000),
(611025, '镇安县', 611000),
(611026, '柞水县', 611000),
(620000, '甘肃省', 0),
(620100, '兰州市', 620000),
(620102, '城关区', 620100),
(620103, '七里河区', 620100),
(620104, '西固区', 620100),
(620105, '安宁区', 620100),
(620111, '红古区', 620100),
(620121, '永登县', 620100),
(620122, '皋兰县', 620100),
(620123, '榆中县', 620100),
(620200, '嘉峪关市', 620000),
(620300, '金昌市', 620000),
(620302, '金川区', 620300),
(620321, '永昌县', 620300),
(620400, '白银市', 620000),
(620402, '白银区', 620400),
(620403, '平川区', 620400),
(620421, '靖远县', 620400),
(620422, '会宁县', 620400),
(620423, '景泰县', 620400),
(620500, '天水市', 620000),
(620502, '秦州区', 620500),
(620503, '麦积区', 620500),
(620521, '清水县', 620500),
(620522, '秦安县', 620500),
(620523, '甘谷县', 620500),
(620524, '武山县', 620500),
(620525, '张家川回族自治县', 620500),
(620600, '武威市', 620000),
(620602, '凉州区', 620600),
(620621, '民勤县', 620600),
(620622, '古浪县', 620600),
(620623, '天祝藏族自治县', 620600),
(620700, '张掖市', 620000),
(620702, '甘州区', 620700),
(620721, '肃南裕固族自治县', 620700),
(620722, '民乐县', 620700),
(620723, '临泽县', 620700),
(620724, '高台县', 620700),
(620725, '山丹县', 620700),
(620800, '平凉市', 620000),
(620802, '崆峒区', 620800),
(620821, '泾川县', 620800),
(620822, '灵台县', 620800),
(620823, '崇信县', 620800),
(620824, '华亭县', 620800),
(620825, '庄浪县', 620800),
(620826, '静宁县', 620800),
(620900, '酒泉市', 620000),
(620902, '肃州区', 620900),
(620921, '金塔县', 620900),
(620922, '瓜州县', 620900),
(620923, '肃北蒙古族自治县', 620900),
(620924, '阿克塞哈萨克族自治县', 620900),
(620981, '玉门市', 620900),
(620982, '敦煌市', 620900),
(621000, '庆阳市', 620000),
(621021, '庆城县', 621000),
(621022, '环县', 621000),
(621023, '华池县', 621000),
(621024, '合水县', 621000),
(621025, '正宁县', 621000),
(621026, '宁县', 621000),
(621027, '镇原县', 621000),
(621100, '定西市', 620000),
(621102, '安定区', 621100),
(621121, '通渭县', 621100),
(621122, '陇西县', 621100),
(621123, '渭源县', 621100),
(621124, '临洮县', 621100),
(621125, '漳县', 621100),
(621126, '岷县', 621100),
(621200, '陇南市', 620000),
(621202, '武都区', 621200),
(621221, '成县', 621200),
(621222, '文县', 621200),
(621223, '宕昌县', 621200),
(621224, '康县', 621200),
(621225, '西和县', 621200),
(621226, '礼县', 621200),
(621227, '徽县', 621200),
(621228, '两当县', 621200),
(622900, '临夏回族自治州', 620000),
(622901, '临夏市', 622900),
(622921, '临夏县', 622900),
(622922, '康乐县', 622900),
(622923, '永靖县', 622900),
(622924, '广河县', 622900),
(622925, '和政县', 622900),
(622926, '东乡族自治县', 622900),
(622927, '积石山保安族东乡族撒', 622900),
(623000, '甘南藏族自治州', 620000),
(623001, '合作市', 620000),
(623021, '临潭县', 623000),
(623022, '卓尼县', 623000),
(623023, '舟曲县', 623000),
(623024, '迭部县', 623000),
(623025, '玛曲县', 623000),
(623026, '碌曲县', 623000),
(623027, '夏河县', 623000),
(630000, '青海省', 0),
(630100, '西宁市', 630000),
(630102, '城东区', 630100),
(630103, '城中区', 630100),
(630104, '城西区', 630100),
(630105, '城北区', 630100),
(630121, '大通回族土族自治县', 630100),
(630122, '湟中县', 630100),
(630123, '湟源县', 630100),
(632100, '海东地区', 630000),
(632121, '平安县', 632100),
(632122, '民和回族土族自治县', 632100),
(632123, '乐都县', 632100),
(632126, '互助土族自治县', 632100),
(632127, '化隆回族自治县', 632100),
(632128, '循化撒拉族自治县', 632100),
(632200, '海北藏族自治州', 630000),
(632221, '门源回族自治县', 632200),
(632222, '祁连县', 632200),
(632223, '海晏县', 632200),
(632224, '刚察县', 632200),
(632300, '黄南藏族自治州', 630000),
(632321, '同仁县', 632300),
(632322, '尖扎县', 632300),
(632323, '泽库县', 632300),
(632324, '河南蒙古族自治县', 632300),
(632500, '海南藏族自治州', 630000),
(632521, '共和县', 632500),
(632522, '同德县', 632500),
(632523, '贵德县', 632500),
(632524, '兴海县', 632500),
(632525, '贵南县', 632500),
(632600, '果洛藏族自治州', 630000),
(632621, '玛沁县', 632600),
(632622, '班玛县', 632600),
(632623, '甘德县', 632600),
(632624, '达日县', 632600),
(632625, '久治县', 632600),
(632626, '玛多县', 632600),
(632700, '玉树藏族自治州', 630000),
(632721, '玉树县', 632700),
(632722, '杂多县', 632700),
(632723, '称多县', 632700),
(632724, '治多县', 632700),
(632725, '囊谦县', 632700),
(632726, '曲麻莱县', 632700),
(632800, '海西蒙古族藏族自治州', 630000),
(632801, '格尔木市', 632800),
(632802, '德令哈市', 632800),
(632821, '乌兰县', 632800),
(632822, '都兰县', 632800),
(632823, '天峻县', 632800),
(640000, '宁夏回族自治区', 0),
(640100, '银川市', 640000),
(640104, '兴庆区', 640100),
(640105, '西夏区', 640100),
(640106, '金凤区', 640100),
(640121, '永宁县', 640100),
(640122, '贺兰县', 640100),
(640181, '灵武市', 640100),
(640200, '石嘴山市', 640000),
(640202, '大武口区', 640200),
(640205, '惠农区', 640200),
(640221, '平罗县', 640200),
(640300, '吴忠市', 640000),
(640302, '利通区', 640300),
(640303, '红寺堡区 (*)', 640300),
(640323, '盐池县', 640300),
(640324, '同心县', 640300),
(640381, '青铜峡市', 640300),
(640400, '固原市', 640000),
(640402, '原州区', 640400),
(640422, '西吉县', 640400),
(640423, '隆德县', 640400),
(640424, '泾源县', 640400),
(640425, '彭阳县', 640400),
(640500, '中卫市', 640000),
(640502, '沙坡头区', 640500),
(640521, '中宁县', 640500),
(640522, '海原县', 640500),
(650000, '新疆维吾尔自治区', 0),
(650100, '乌鲁木齐市', 650000),
(650102, '天山区', 650100),
(650103, '沙依巴克区', 650100),
(650104, '新市区', 650100),
(650105, '水磨沟区', 650100),
(650106, '头屯河区', 650100),
(650107, '达坂城区', 650100),
(650109, '米东区', 650100),
(650121, '乌鲁木齐县', 650100),
(650200, '克拉玛依市', 650000),
(650202, '独山子区', 650200),
(650203, '克拉玛依区', 650200),
(650204, '白碱滩区', 650200),
(650205, '乌尔禾区', 650200),
(652100, '吐鲁番地区', 650000),
(652101, '吐鲁番市', 652100),
(652122, '鄯善县', 652100),
(652123, '托克逊县', 652100),
(652200, '哈密地区', 650000),
(652201, '哈密市', 652200),
(652222, '巴里坤哈萨克自治县', 652200),
(652223, '伊吾县', 652200),
(652300, '昌吉回族自治州', 650000),
(652301, '昌吉市', 652300),
(652302, '阜康市', 652300),
(652323, '呼图壁县', 652300),
(652324, '玛纳斯县', 652300),
(652325, '奇台县', 652300),
(652327, '吉木萨尔县', 652300),
(652328, '木垒哈萨克自治县', 652300),
(652700, '博尔塔拉蒙古自治州', 650000),
(652701, '博乐市', 652700),
(652722, '精河县', 652700),
(652723, '温泉县', 652700),
(652800, '巴音郭楞蒙古自治州', 650000),
(652801, '库尔勒市', 652800),
(652822, '轮台县', 652800),
(652823, '尉犁县', 652800),
(652824, '若羌县', 652800),
(652825, '且末县', 652800),
(652826, '焉耆回族自治县', 652800),
(652827, '和静县', 652800),
(652828, '和硕县', 652800),
(652829, '博湖县', 652800),
(652900, '阿克苏地区', 650000),
(652901, '阿克苏市', 652900),
(652922, '温宿县', 652900),
(652923, '库车县', 652900),
(652924, '沙雅县', 652900),
(652925, '新和县', 652900),
(652926, '拜城县', 652900),
(652927, '乌什县', 652900),
(652928, '阿瓦提县', 652900),
(652929, '柯坪县', 652900),
(653000, '克孜勒苏柯尔克孜自治', 650000),
(653001, '阿图什市', 650000),
(653022, '阿克陶县', 653000),
(653023, '阿合奇县', 653000),
(653024, '乌恰县', 653000),
(653100, '喀什地区', 650000),
(653101, '喀什市', 653100),
(653121, '疏附县', 653100),
(653122, '疏勒县', 653100),
(653123, '英吉沙县', 653100),
(653124, '泽普县', 653100),
(653125, '莎车县', 653100),
(653126, '叶城县', 653100),
(653127, '麦盖提县', 653100),
(653128, '岳普湖县', 653100),
(653129, '伽师县', 653100),
(653130, '巴楚县', 653100),
(653131, '塔什库尔干塔吉克自治', 653100),
(653200, '和田地区', 650000),
(653201, '和田市', 653200),
(653221, '和田县', 653200),
(653222, '墨玉县', 653200),
(653223, '皮山县', 653200),
(653224, '洛浦县', 653200),
(653225, '策勒县', 653200),
(653226, '于田县', 653200),
(653227, '民丰县', 653200),
(654000, '伊犁哈萨克自治州', 650000),
(654002, '伊宁市', 650000),
(654003, '奎屯市', 650000),
(654021, '伊宁县', 654000),
(654022, '察布查尔锡伯自治县', 654000),
(654023, '霍城县', 654000),
(654024, '巩留县', 654000),
(654025, '新源县', 654000),
(654026, '昭苏县', 654000),
(654027, '特克斯县', 654000),
(654028, '尼勒克县', 654000),
(654200, '塔城地区', 650000),
(654201, '塔城市', 654200),
(654202, '乌苏市', 654200),
(654221, '额敏县', 654200),
(654223, '沙湾县', 654200),
(654224, '托里县', 654200),
(654225, '裕民县', 654200),
(654226, '和布克赛尔蒙古自治县', 654200),
(654300, '阿勒泰地区', 650000),
(654301, '阿勒泰市', 654300),
(654321, '布尔津县', 654300),
(654322, '富蕴县', 654300),
(654323, '福海县', 654300),
(654324, '哈巴河县', 654300),
(654325, '青河县', 654300),
(654326, '吉木乃县', 654300),
(659000, '自治区直辖县级行政区', 650000),
(659001, '石河子市', 650000),
(659002, '阿拉尔市', 650000),
(659003, '图木舒克市', 650000),
(659004, '五家渠市', 650000),
(710000, '台湾省', 0),
(810000, '香港特别行政区', 0),
(820000, '澳门特别行政区', 0);

-- --------------------------------------------------------

--
-- 表的结构 `article`
--

CREATE TABLE IF NOT EXISTS `article` (
  `id` bigint(20) unsigned NOT NULL AUTO_INCREMENT,
  `category_id` int(10) DEFAULT NULL COMMENT '分类Id',
  `title` varchar(200) DEFAULT NULL COMMENT '标题',
  `keywords` varchar(200) DEFAULT NULL COMMENT '关键字',
  `description` varchar(500) DEFAULT NULL COMMENT '描述',
  `img` varchar(200) DEFAULT NULL COMMENT '缩略图',
  `content` text COMMENT '内容',
  `status` smallint(3) DEFAULT NULL COMMENT '状态：未审核、已审核',
  `flag` smallint(3) DEFAULT NULL COMMENT '显示标识',
  `intime` int(10) DEFAULT NULL COMMENT '添加时间',
  `uptime` int(10) DEFAULT NULL COMMENT '更新时间',
  `author` varchar(50) DEFAULT NULL COMMENT '作者',
  `admin_id` int(10) DEFAULT NULL COMMENT '添加者',
  `sort` int(10) DEFAULT NULL COMMENT '排序',
  PRIMARY KEY (`id`)
) ENGINE=InnoDB  DEFAULT CHARSET=utf8 COMMENT='文章' AUTO_INCREMENT=5 ;

--
-- 转存表中的数据 `article`
--

INSERT INTO `article` (`id`, `category_id`, `title`, `keywords`, `description`, `img`, `content`, `status`, `flag`, `intime`, `uptime`, `author`, `admin_id`, `sort`) VALUES
(1, 1, '关于对部分用户的违规行为进行政治的公告', 'asdfasdf', 'asdf', '/uploads/20181207\\6bb271ce96f15f385b47d21daf6087c6.png', '在萨达 奔李斐莉雪基本基本面基本面工柑茜苛苛茜阿萨法桔柑 茜柑苛茜茜黄柳霜械苛苛阿萨法甄别曙罗曼蒂克<img src="/uploads/20181109/20181109163246_94325.png" alt="" />', NULL, 2, 1541777569, 1545552937, 'asdfasdf', 1, 0),
(2, 1, '苦工东风风神', NULL, '工在在', '/uploads/20181215\\7c41b41688635aeca84dab8728341820.png', '工在在在在在<br />', NULL, 2, 1544843916, 1545552947, '', 1, 0),
(3, 2, 'adfadf', NULL, 'adfasdf', '/uploads/20181215\\3988492dadff36c457d51d2744520e2d.png', 'asfasdfasfdasdf<br />', NULL, 1, 1544844096, 1545552957, 'asf', 1, 0),
(4, 2, 'adfadsfasdf', NULL, 'adfasfasdf111', '/uploads/20181215\\aa5493776dcaded0a00f34f0dafa6209.png', 'asdfasdfasfda1111', NULL, 3, 1544848438, 1545552991, 'adsf12212', 1, 0);

-- --------------------------------------------------------

--
-- 表的结构 `bank`
--

CREATE TABLE IF NOT EXISTS `bank` (
  `id` bigint(20) unsigned NOT NULL AUTO_INCREMENT,
  `name` varchar(50) DEFAULT '' COMMENT '名称',
  `intime` int(10) DEFAULT '0' COMMENT '添加时间',
  `uptime` int(10) DEFAULT '0' COMMENT '更新时间',
  `sort` int(10) DEFAULT '0' COMMENT '排序',
  PRIMARY KEY (`id`)
) ENGINE=InnoDB  DEFAULT CHARSET=utf8 COMMENT='银行列表' AUTO_INCREMENT=7 ;

--
-- 转存表中的数据 `bank`
--

INSERT INTO `bank` (`id`, `name`, `intime`, `uptime`, `sort`) VALUES
(2, '平安银行', 1530068081, 1534693731, 0),
(3, '建设银行', 1533042032, 1534693751, 99),
(4, '招商银行', 1533042142, 1534693741, 99),
(5, '农业银行', 1544450983, 1544450995, 99),
(6, '邮政银行', 1553393057, 1553393057, 99);

-- --------------------------------------------------------

--
-- 表的结构 `category`
--

CREATE TABLE IF NOT EXISTS `category` (
  `id` bigint(20) unsigned NOT NULL AUTO_INCREMENT,
  `pid` int(10) DEFAULT '0' COMMENT '父类Id',
  `name` varchar(50) DEFAULT '' COMMENT '名称',
  `intime` int(10) DEFAULT '0' COMMENT '添加时间',
  `uptime` int(10) DEFAULT '0' COMMENT '更新时间',
  `sort` int(10) DEFAULT '0' COMMENT '排序',
  PRIMARY KEY (`id`)
) ENGINE=InnoDB  DEFAULT CHARSET=utf8 COMMENT='分类' AUTO_INCREMENT=3 ;

--
-- 转存表中的数据 `category`
--

INSERT INTO `category` (`id`, `pid`, `name`, `intime`, `uptime`, `sort`) VALUES
(1, 0, '商家端', 1541219234, 1545552910, 0),
(2, 0, '粉丝端', 1541219259, 1545552921, 0);

-- --------------------------------------------------------

--
-- 表的结构 `config`
--

CREATE TABLE IF NOT EXISTS `config` (
  `id` bigint(20) unsigned NOT NULL AUTO_INCREMENT,
  `website` varchar(200) DEFAULT NULL COMMENT '域名',
  `atitle` varchar(200) DEFAULT NULL COMMENT '后台标题',
  `title` varchar(200) DEFAULT NULL COMMENT '标题',
  `acolor` varchar(50) DEFAULT NULL COMMENT '颜色',
  `keywords` varchar(200) DEFAULT NULL COMMENT '关键字',
  `description` varchar(500) DEFAULT NULL COMMENT '描述',
  `synchro` smallint(3) DEFAULT NULL COMMENT '同步类型：商家工作时间、商家每天任务数、商家服务费',
  `worktime` varchar(100) DEFAULT NULL COMMENT '工作时间：9：00-22：00',
  `worknum` int(10) DEFAULT NULL COMMENT '每天任务数',
  `zfbmoneycode` varchar(200) DEFAULT NULL COMMENT '支付宝收款码',
  `bankname` varchar(50) DEFAULT NULL COMMENT '收款银行',
  `bankcode` varchar(50) DEFAULT NULL COMMENT '收款卡号',
  `realname` varchar(50) DEFAULT NULL COMMENT '收款姓名',
  `wx_appid` varchar(100) DEFAULT NULL COMMENT 'appid',
  `wx_appsecret` varchar(100) DEFAULT NULL COMMENT 'appsecret',
  `wx_mchid` varchar(100) DEFAULT NULL COMMENT '商家Id',
  `wx_key` varchar(100) DEFAULT NULL COMMENT '商家秘钥',
  `sms_appid` varchar(100) DEFAULT NULL COMMENT '短信appid',
  `sms_appsecret` varchar(100) DEFAULT NULL COMMENT '短信appsecret',
  `sms_signname` varchar(100) DEFAULT NULL COMMENT '签名【淄川区党建办】',
  `sms_code` varchar(100) DEFAULT NULL COMMENT '模版code',
  `intime` int(10) DEFAULT NULL COMMENT '添加时间',
  `uptime` int(10) DEFAULT NULL COMMENT '更新时间',
  PRIMARY KEY (`id`)
) ENGINE=InnoDB  DEFAULT CHARSET=utf8 COMMENT='系统配置' AUTO_INCREMENT=2 ;

--
-- 转存表中的数据 `config`
--

INSERT INTO `config` (`id`, `website`, `atitle`, `title`, `acolor`, `keywords`, `description`, `synchro`, `worktime`, `worknum`, `zfbmoneycode`, `bankname`, `bankcode`, `realname`, `wx_appid`, `wx_appsecret`, `wx_mchid`, `wx_key`, `sms_appid`, `sms_appsecret`, `sms_signname`, `sms_code`, `intime`, `uptime`) VALUES
(1, 'http://www.task.cm', '猫客后台管理系统', '猫客', '#f874b2', '猫客堂刷手', '恩', 0, '8:00-21:00', 2000, '/uploads/20190323\\d4e19867ca085b6d4602920b17176131.jpg', '招商银行', '6214837884748181', '邹日昌', 'wx43822bf7145c5ec0', '5e8c9c705a6d6f14545bdfd8a1480320', '1518638971', 'chuang246810chuang246810chuang24', 'LTAISWZ7x4Z4pRTq', 'RxkeuYmzwyAJhBQvokDKP1FnC930RH', '猫客', 'SMS_161595261', NULL, 1554262377);

-- --------------------------------------------------------

--
-- 表的结构 `logs`
--

CREATE TABLE IF NOT EXISTS `logs` (
  `id` bigint(20) unsigned NOT NULL AUTO_INCREMENT,
  `ass_id` varchar(100) DEFAULT NULL COMMENT '关联Id',
  `name` varchar(200) DEFAULT NULL COMMENT '名称',
  `content` text COMMENT '内容',
  `admin_id` int(10) DEFAULT NULL COMMENT '添加者',
  `intime` int(10) DEFAULT NULL COMMENT '添加时间',
  `uptime` int(10) DEFAULT NULL COMMENT '更新时间',
  PRIMARY KEY (`id`)
) ENGINE=InnoDB DEFAULT CHARSET=utf8 COMMENT='日志' AUTO_INCREMENT=1 ;

-- --------------------------------------------------------

--
-- 表的结构 `menu`
--

CREATE TABLE IF NOT EXISTS `menu` (
  `id` bigint(20) unsigned NOT NULL AUTO_INCREMENT,
  `pid` int(10) DEFAULT '0' COMMENT '父Id',
  `name` varchar(50) DEFAULT '' COMMENT '名称',
  `control` varchar(50) DEFAULT '' COMMENT '控制器',
  `action` varchar(200) DEFAULT '' COMMENT '方法名',
  `icon` varchar(50) DEFAULT '' COMMENT '图标样式',
  `isshow` smallint(3) DEFAULT '0' COMMENT '是否展示：1展示、2不展示',
  `intime` int(10) DEFAULT '0' COMMENT '添加时间',
  `uptime` int(10) DEFAULT '0' COMMENT '更新时间',
  `sort` int(10) DEFAULT '0' COMMENT '排序',
  PRIMARY KEY (`id`)
) ENGINE=InnoDB  DEFAULT CHARSET=utf8 COMMENT='菜单' AUTO_INCREMENT=113 ;

--
-- 转存表中的数据 `menu`
--

INSERT INTO `menu` (`id`, `pid`, `name`, `control`, `action`, `icon`, `isshow`, `intime`, `uptime`, `sort`) VALUES
(1, 0, '公告资讯', '1', '1', 'fa-cloud', 1, 1540620540, 1544794442, 1),
(2, 0, '商家管理', '2', '2', 'fa-th-large', 1, 1540620540, 1544241771, 2),
(3, 0, '任务管理', '3', '3', 'fa-list', 1, 1540620540, 1544259938, 3),
(4, 0, '财务管理', '4', '4', 'fa-bar-chart', 1, 1540620540, 1544259977, 4),
(5, 0, '系统设置', '5', '5', 'fa-cog', 1, 1540620540, 1540620540, 6),
(6, 0, '粉丝管理', '6', '6', 'fa-users', 1, 1540620540, 1540620540, 5),
(8, 5, '菜单管理', 'menu', 'lists', '', 2, 1540620540, 1552184940, 0),
(10, 5, '管理员', 'admin', 'lists', '', 1, 1541218156, 1544273825, 0),
(11, 5, '管理员添加', 'admin', 'add', '', 2, 1541218683, 1541218762, 0),
(12, 5, '管理员编辑', 'admin', 'edit', '', 2, 1541218716, 1541218779, 0),
(18, 5, '角色管理', 'role', 'lists', '', 1, 1541219685, 1541219685, 0),
(19, 5, '角色添加', 'role', 'add', '', 2, 1541219694, 1541219716, 0),
(20, 5, '角色编辑', 'role', 'edit', '', 2, 1541219725, 1541219742, 0),
(21, 1, '公告列表', 'article', 'lists', '', 1, 1541219793, 1545133720, 1),
(22, 1, '公告添加', 'article', 'add', '', 2, 1541219800, 1545133741, 1),
(23, 1, '公告编辑', 'article', 'edit', '', 2, 1541219832, 1545133754, 1),
(28, 1, '首页', 'admin', 'index', '', 2, 1541736842, 1548340437, 1),
(29, 5, '系统配置', 'config', 'edit', '', 1, 1541776639, 1544273858, 0),
(30, 2, '店铺管理', 'shop', 'lists', '', 1, 1542694434, 1542694434, 0),
(34, 5, '修改密码', 'admin', 'edit_password', '', 2, 1544196361, 1544196397, 0),
(35, 2, '商家列表', 'merchant', 'lists', '', 1, 1544241798, 1550373643, 1),
(37, 2, '商家编辑', 'merchant', 'edit', '', 2, 1544241813, 1550373666, 1),
(41, 3, '任务列表', 'task', 'lists', '', 1, 1544262275, 1550588662, 1),
(42, 3, '异常订单', 'order', 'lists3', '', 1, 1544262304, 1546329390, 10),
(43, 3, '退款订单', 'order', 'lists2', '', 1, 1544262308, 1550588668, 1),
(44, 3, '订单汇总', 'order', 'lists', '', 1, 1544262312, 1550588681, 1),
(45, 4, '商家提现记录', 'merchantcash', 'lists', '', 1, 1544262507, 1544328114, 0),
(46, 4, '商家充值记录', 'merchantrecharge', 'lists', '', 1, 1544262522, 1544328089, 0),
(47, 4, '商家贷款记录', 'merchantloans', 'lists', '', 1, 1544793583, 1544837715, 0),
(49, 4, '粉丝提现记录', 'usercash', 'lists', '', 1, 1544328191, 1544328263, 0),
(50, 4, '粉丝收支明细', 'usermlogs', 'lists', '', 1, 1544328196, 1544799575, 0),
(51, 6, '粉丝列表', 'user', 'lists', '', 1, 1544331982, 1544331982, 0),
(53, 6, '粉丝编辑', 'user', 'edit', '', 2, 1544346970, 1544347010, 0),
(58, 5, '银行管理', 'bank', 'lists', '', 1, 1544450454, 1544450575, 0),
(59, 5, '银行编辑', 'bank', 'edit', '', 2, 1544450515, 1544450544, 0),
(60, 5, '银行添加', 'bank', 'add', '', 2, 1544450520, 1544450606, 0),
(70, 4, '商家收支明细', 'merchantmlogs', 'lists', '', 1, 1544262548, 1544799530, 0),
(75, 5, '粉丝佣金', 'within', 'lists', '', 1, 1545056046, 1545061191, 1),
(76, 5, '粉丝佣金添加', 'within', 'add', '', 2, 1545056100, 1545061248, 1),
(77, 5, '粉丝佣金修改', 'within', 'edit', '', 2, 1545056128, 1545061236, 1),
(78, 5, '商家服务费', 'without', 'lists', '', 1, 1545060875, 1545061260, 2),
(79, 5, '商家服务费添加', 'without', 'add', '', 2, 1545060914, 1545061271, 2),
(80, 5, '商家服务费编辑', 'without', 'edit', '', 2, 1545060950, 1545061285, 2),
(81, 1, '分类管理', 'category', 'lists', '', 1, 1545133703, 1545133703, 0),
(82, 1, '分类添加', 'category', 'add', '', 2, 1545133765, 1545133783, 0),
(83, 1, '分类编辑', 'category', 'edit', '', 2, 1545133791, 1545133810, 0),
(84, 2, '商家服务费', 'merchantwithout', 'lists', '', 2, 1545145998, 1550373648, 1),
(85, 2, '商家服务费编辑', 'merchantwithout', 'edit', '', 2, 1545146039, 1550373652, 1),
(87, 3, '任务详情', 'task', 'view', '', 2, 1546143376, 1550588678, 1),
(88, 3, '订单详情', 'order', 'view', '', 2, 1546329223, 1550588672, 1),
(92, 5, '修改个人资料', 'admin', 'edit_self', '', 2, 1546756887, 1546756967, 0),
(96, 4, '客服工款列表', 'admincash', 'lists', '', 1, 1547731188, 1547731382, 0),
(97, 4, '客服工款申请', 'admincash', 'add', '', 2, 1547731252, 1547731281, 0),
(98, 4, '客服工款审核', 'admincash', 'edit', '', 2, 1547731295, 1547731319, 0),
(99, 6, '帐号审核', 'user', 'lists2', '', 1, 1548083574, 1548083606, 1),
(100, 6, '实名认证', 'user', 'lists3', '', 1, 1548083619, 1548083636, 2),
(105, 3, '订单【结算】', 'order', 'act_edit_finish', '', 2, 1548509665, 1552101055, 1),
(106, 2, '商家菜单', 'merchantmenu', 'lists', '', 2, 1548559256, 1552184923, 2),
(107, 3, '下架订单', 'order', 'offlists2', '', 1, 1550499238, 1550499238, 9),
(108, 3, '任务领取', 'order', 'bindlist', '', 1, 1550588717, 1550588717, 0),
(110, 3, '订单结算', 'order', 'finishlist', '', 1, 1550665925, 1550665925, 0),
(111, 2, '店铺编辑', 'shop', 'edit', '', 2, 1551277666, 1551277666, 0),
(112, 3, '订单【下架】', 'order', 'act_edit_refundoff', '', 2, 1552101114, 1552101114, 0);

-- --------------------------------------------------------

--
-- 表的结构 `merchant`
--

CREATE TABLE IF NOT EXISTS `merchant` (
  `id` bigint(20) unsigned NOT NULL AUTO_INCREMENT,
  `merchant_name` varchar(50) DEFAULT '' COMMENT '登录名',
  `password` varchar(100) DEFAULT '' COMMENT '密码',
  `type` smallint(3) DEFAULT NULL COMMENT '商家类型：普通商家、VIP、超级VIP',
  `mobile` varchar(50) DEFAULT '' COMMENT '手机号',
  `qq` varchar(50) DEFAULT '' COMMENT 'qq号',
  `weixin` varchar(50) DEFAULT NULL COMMENT '微信号',
  `address` varchar(100) DEFAULT '' COMMENT '地址:广东省-深圳市',
  `money` decimal(15,2) unsigned DEFAULT '0.00' COMMENT '余额',
  `freeze_money` decimal(15,2) unsigned DEFAULT '0.00' COMMENT '冻结余额',
  `loans_money` decimal(15,2) unsigned DEFAULT '0.00' COMMENT '贷款金额',
  `status` smallint(3) DEFAULT NULL COMMENT '状态：待审核、已审核、已拒绝',
  `realname` varchar(50) DEFAULT NULL COMMENT '真实姓名',
  `bankname` varchar(50) DEFAULT NULL COMMENT '开户银行',
  `bankcode` varchar(50) DEFAULT NULL COMMENT '银行卡号',
  `isfreeze` smallint(3) unsigned DEFAULT '1' COMMENT '是否冻结:不冻结、已冻结',
  `remark` varchar(128) DEFAULT NULL COMMENT '备注(可填写冻结帐号原因)',
  `aid` int(10) DEFAULT NULL COMMENT '负责导师业务员Id(admin_id)',
  `logo` varchar(200) DEFAULT NULL COMMENT '头像或logo',
  `worktime` varchar(100) DEFAULT NULL COMMENT '工作时间：9：00-22：00',
  `worknum` int(10) DEFAULT NULL COMMENT '每天任务数',
  `auths` text COMMENT '权限列表',
  `intime` int(10) DEFAULT '0' COMMENT '添加时间',
  `uptime` int(10) DEFAULT '0' COMMENT '更新时间',
  `logintime` int(10) DEFAULT NULL COMMENT '登录时间',
  PRIMARY KEY (`id`)
) ENGINE=InnoDB  DEFAULT CHARSET=utf8 COMMENT='商家管理' AUTO_INCREMENT=12 ;

--
-- 转存表中的数据 `merchant`
--

INSERT INTO `merchant` (`id`, `merchant_name`, `password`, `type`, `mobile`, `qq`, `weixin`, `address`, `money`, `freeze_money`, `loans_money`, `status`, `realname`, `bankname`, `bankcode`, `isfreeze`, `remark`, `aid`, `logo`, `worktime`, `worknum`, `auths`, `intime`, `uptime`, `logintime`) VALUES
(10, '', 'da3177cbd9f064004b6a0d59a3a484bb', 1, '15902105135', '', '', '', '1140.00', '3990.00', '0.00', 2, NULL, NULL, NULL, 1, '', 12, '', '9:00-21:00', 2000, NULL, 1553345544, 1553345594, 1553395109),
(11, '', 'e10adc3949ba59abbe56e057f20f883e', 1, '13723738104', '2804364558', '111111', '', '9068.00', '2296.00', '200.00', 2, NULL, NULL, NULL, 1, 'vip', 12, '/uploads/20190403\\46a01937d3b21ca257c1ddc9b3faac86.gif', '8:00-21:00', 2000, NULL, 1554257749, 1554290725, 1554867330);

-- --------------------------------------------------------

--
-- 表的结构 `merchantbank`
--

CREATE TABLE IF NOT EXISTS `merchantbank` (
  `id` bigint(20) unsigned NOT NULL AUTO_INCREMENT,
  `merchant_id` int(10) NOT NULL DEFAULT '0' COMMENT '商家Id',
  `bank_id` int(10) NOT NULL DEFAULT '0' COMMENT '银行Id',
  `bankcode` varchar(50) DEFAULT '' COMMENT '银行卡号',
  `realname` varchar(255) DEFAULT NULL COMMENT '开户姓名(收款人)',
  `intime` int(10) NOT NULL DEFAULT '0' COMMENT '添加时间',
  `uptime` int(10) NOT NULL DEFAULT '0' COMMENT '更新时间',
  PRIMARY KEY (`id`)
) ENGINE=InnoDB DEFAULT CHARSET=utf8 COMMENT='商家银行卡' AUTO_INCREMENT=1 ;

-- --------------------------------------------------------

--
-- 表的结构 `merchantcash`
--

CREATE TABLE IF NOT EXISTS `merchantcash` (
  `id` bigint(20) unsigned NOT NULL AUTO_INCREMENT,
  `merchant_id` int(10) NOT NULL COMMENT '商家Id',
  `bankname` varchar(50) NOT NULL COMMENT '提现银行',
  `bankcode` varchar(50) DEFAULT '' COMMENT '银行卡号',
  `realname` varchar(50) DEFAULT '' COMMENT '开户姓名(收款人)',
  `money` decimal(10,2) DEFAULT '0.00' COMMENT '金额',
  `status` smallint(3) DEFAULT NULL COMMENT '状态:待处理、已提现、已拒绝',
  `remark` varchar(500) DEFAULT '' COMMENT '备注',
  `intime` int(10) NOT NULL COMMENT '添加时间',
  `uptime` int(10) NOT NULL COMMENT '更新时间',
  PRIMARY KEY (`id`)
) ENGINE=InnoDB  DEFAULT CHARSET=utf8 COMMENT='商家提现' AUTO_INCREMENT=3 ;

--
-- 转存表中的数据 `merchantcash`
--

INSERT INTO `merchantcash` (`id`, `merchant_id`, `bankname`, `bankcode`, `realname`, `money`, `status`, `remark`, `intime`, `uptime`) VALUES
(1, 11, '', '', '', '100.00', 3, '充值太多', 1554794256, 1554794272),
(2, 11, '', '', '', '100.00', 2, '', 1554794350, 1554794449);

-- --------------------------------------------------------

--
-- 表的结构 `merchantloans`
--

CREATE TABLE IF NOT EXISTS `merchantloans` (
  `id` bigint(20) unsigned NOT NULL AUTO_INCREMENT,
  `merchant_id` int(10) NOT NULL COMMENT '商家Id',
  `money` decimal(10,2) DEFAULT '0.00' COMMENT '贷款金额',
  `status` smallint(3) DEFAULT NULL COMMENT '状态:待审核、已通过、已拒绝',
  `remark` varchar(500) DEFAULT '' COMMENT '备注',
  `intime` int(10) NOT NULL COMMENT '添加时间',
  `uptime` int(10) NOT NULL COMMENT '更新时间',
  PRIMARY KEY (`id`)
) ENGINE=InnoDB  DEFAULT CHARSET=utf8 COMMENT='商家贷款' AUTO_INCREMENT=4 ;

--
-- 转存表中的数据 `merchantloans`
--

INSERT INTO `merchantloans` (`id`, `merchant_id`, `money`, `status`, `remark`, `intime`, `uptime`) VALUES
(1, 11, '100.00', 3, '', 1554797449, 1554797679),
(2, 11, '200.00', 2, '', 1554797729, 1554797751),
(3, 11, '200.00', 3, '', 1554797730, 1554797747);

-- --------------------------------------------------------

--
-- 表的结构 `merchantmenu`
--

CREATE TABLE IF NOT EXISTS `merchantmenu` (
  `id` bigint(20) unsigned NOT NULL AUTO_INCREMENT,
  `pid` int(10) DEFAULT '0' COMMENT '父Id',
  `name` varchar(50) DEFAULT '' COMMENT '名称',
  `control` varchar(50) DEFAULT '' COMMENT '控制器',
  `action` varchar(200) DEFAULT '' COMMENT '方法名',
  `icon` varchar(50) DEFAULT '' COMMENT '图标样式',
  `isshow` smallint(3) DEFAULT '0' COMMENT '是否展示：1展示、2不展示',
  `intime` int(10) DEFAULT '0' COMMENT '添加时间',
  `uptime` int(10) DEFAULT '0' COMMENT '更新时间',
  `sort` int(10) DEFAULT '0' COMMENT '排序',
  PRIMARY KEY (`id`)
) ENGINE=InnoDB  DEFAULT CHARSET=utf8 COMMENT='菜单' AUTO_INCREMENT=93 ;

--
-- 转存表中的数据 `merchantmenu`
--

INSERT INTO `merchantmenu` (`id`, `pid`, `name`, `control`, `action`, `icon`, `isshow`, `intime`, `uptime`, `sort`) VALUES
(1, 0, '用户管理', '1', '1', 'fa-cloud', 1, 1540620540, 1548572149, 1),
(2, 0, '开发中', '2', '2', 'fa-th-large', 2, 1540620540, 1548573787, 2),
(3, 0, '任务管理', '3', '3', 'fa-list', 1, 1540620540, 1544259938, 3),
(4, 0, '财务管理', '4', '4', 'fa-bar-chart', 1, 1540620540, 1544259977, 4),
(5, 0, '开发中', '5', '5', 'fa-cog', 2, 1540620540, 1548573238, 6),
(6, 0, '开发中', '6', '6', 'fa-users', 2, 1540620540, 1548573227, 5),
(28, 1, '个人中心', 'merchant', 'index', '', 1, 1541736842, 1548581123, 0),
(30, 1, '店铺管理', 'shop', 'lists', '', 1, 1542694434, 1542694434, 0),
(32, 1, '店铺编辑', 'shop', 'edit', '', 2, 1544193529, 1544193548, 0),
(33, 1, '店铺添加', 'shop', 'add', '', 2, 1544193554, 1544193574, 0),
(34, 1, '修改密码', 'merchant', 'edit_password', '', 2, 1544196361, 1548572881, 0),
(41, 3, '任务列表', 'task', 'lists', '', 1, 1544262275, 1545836206, 0),
(42, 3, '异常订单', 'order', 'lists3', '', 1, 1544262304, 1546329390, 10),
(43, 3, '退款订单', 'order', 'lists2', '', 1, 1544262308, 1545836491, 0),
(44, 3, '订单汇总', 'order', 'lists', '', 1, 1544262312, 1546268412, 0),
(45, 4, '提现记录', 'merchantcash', 'lists', '', 1, 1544262507, 1550672903, 1),
(46, 4, '金额充值', 'merchantrecharge', 'lists', '', 1, 1544262522, 1550672876, 0),
(47, 4, '贷款记录', 'merchantloans', 'lists', '', 1, 1544793583, 1550672929, 1),
(54, 4, '提现添加', 'merchantcash', 'add', '', 2, 1544359251, 1550672898, 1),
(67, 4, '充值添加', 'merchantrecharge', 'add', '', 2, 1544537460, 1550672884, 1),
(70, 4, '收支明细', 'merchantmlogs', 'lists', '', 1, 1544262548, 1550672907, 1),
(71, 4, '贷款添加', 'merchantloans', 'add', '', 2, 1544793637, 1550672912, 1),
(86, 3, '任务新增', 'task', 'add', '', 2, 1546143337, 1546143369, 0),
(87, 3, '任务详情', 'task', 'view', '', 2, 1546143376, 1546263442, 0),
(88, 3, '订单详情', 'order', 'view', '', 2, 1546329223, 1546329249, 0),
(92, 1, '修改个人资料', 'merchant', 'edit_self', '', 2, 1546756887, 1548572872, 0);

-- --------------------------------------------------------

--
-- 表的结构 `merchantmlogs`
--

CREATE TABLE IF NOT EXISTS `merchantmlogs` (
  `id` bigint(20) unsigned NOT NULL AUTO_INCREMENT,
  `merchant_id` int(10) NOT NULL COMMENT '商家Id',
  `shop_id` int(10) DEFAULT NULL COMMENT '店铺Id',
  `algorithm` smallint(3) DEFAULT '0' COMMENT '算法:1加、2减',
  `type` smallint(3) DEFAULT '0' COMMENT '类型:提现、充值、贷款、还贷款、任务下发、任务退回',
  `startmoney` decimal(10,2) DEFAULT '0.00' COMMENT '操作前金额',
  `money` decimal(10,2) DEFAULT '0.00' COMMENT '变动金额',
  `endmoney` decimal(10,2) DEFAULT '0.00' COMMENT '操作后金额',
  `intime` int(10) NOT NULL DEFAULT '0' COMMENT '添加时间',
  `uptime` int(10) NOT NULL DEFAULT '0' COMMENT '更新时间',
  `remark` varchar(500) DEFAULT NULL COMMENT '备注(加减详情带单号可追踪)',
  `order_code` varchar(100) DEFAULT NULL COMMENT '订单号',
  `tradeno` varchar(100) DEFAULT NULL COMMENT '流水号',
  PRIMARY KEY (`id`)
) ENGINE=InnoDB  DEFAULT CHARSET=utf8 COMMENT='商家财务明细' AUTO_INCREMENT=780 ;

--
-- 转存表中的数据 `merchantmlogs`
--

INSERT INTO `merchantmlogs` (`id`, `merchant_id`, `shop_id`, `algorithm`, `type`, `startmoney`, `money`, `endmoney`, `intime`, `uptime`, `remark`, `order_code`, `tradeno`) VALUES
(528, 10, 12, 1, 2, '0.00', '3990.00', '3990.00', 1553347331, 1553347331, '', '', ''),
(529, 10, 12, 2, 5, '3990.00', '3990.00', '0.00', 1553347350, 1553347350, '任务Id：2019032300000001', '2019032300000001', ''),
(530, 10, 12, 1, 8, '0.00', '99.00', '99.00', 1553347464, 1553347464, '任务编号：559887', '559887', ''),
(531, 10, 12, 1, 9, '99.00', '15.00', '114.00', 1553347464, 1553347464, '任务编号：559887', '559887', ''),
(532, 10, 12, 1, 8, '114.00', '99.00', '213.00', 1553347464, 1553347464, '任务编号：863192', '863192', ''),
(533, 10, 12, 1, 9, '213.00', '15.00', '228.00', 1553347464, 1553347464, '任务编号：863192', '863192', ''),
(534, 10, 12, 1, 8, '228.00', '99.00', '327.00', 1553347464, 1553347464, '任务编号：229034', '229034', ''),
(535, 10, 12, 1, 9, '327.00', '15.00', '342.00', 1553347464, 1553347464, '任务编号：229034', '229034', ''),
(536, 10, 12, 1, 8, '342.00', '99.00', '441.00', 1553347464, 1553347464, '任务编号：114199', '114199', ''),
(537, 10, 12, 1, 9, '441.00', '15.00', '456.00', 1553347464, 1553347464, '任务编号：114199', '114199', ''),
(538, 10, 12, 1, 8, '456.00', '99.00', '555.00', 1553347464, 1553347464, '任务编号：166687', '166687', ''),
(539, 10, 12, 1, 9, '555.00', '15.00', '570.00', 1553347464, 1553347464, '任务编号：166687', '166687', ''),
(540, 10, 12, 1, 8, '570.00', '99.00', '669.00', 1553347464, 1553347464, '任务编号：496798', '496798', ''),
(541, 10, 12, 1, 9, '669.00', '15.00', '684.00', 1553347464, 1553347464, '任务编号：496798', '496798', ''),
(542, 10, 12, 1, 8, '684.00', '99.00', '783.00', 1553347464, 1553347464, '任务编号：657611', '657611', ''),
(543, 10, 12, 1, 9, '783.00', '15.00', '798.00', 1553347464, 1553347464, '任务编号：657611', '657611', ''),
(544, 10, 12, 1, 8, '798.00', '99.00', '897.00', 1553347464, 1553347464, '任务编号：172317', '172317', ''),
(545, 10, 12, 1, 9, '897.00', '15.00', '912.00', 1553347464, 1553347464, '任务编号：172317', '172317', ''),
(546, 10, 12, 1, 8, '912.00', '99.00', '1011.00', 1553347464, 1553347464, '任务编号：495947', '495947', ''),
(547, 10, 12, 1, 9, '1011.00', '15.00', '1026.00', 1553347464, 1553347464, '任务编号：495947', '495947', ''),
(548, 10, 12, 1, 8, '1026.00', '99.00', '1125.00', 1553347464, 1553347464, '任务编号：648959', '648959', ''),
(549, 10, 12, 1, 9, '1125.00', '15.00', '1140.00', 1553347464, 1553347464, '任务编号：648959', '648959', ''),
(550, 10, 12, 1, 8, '1140.00', '99.00', '1239.00', 1553347491, 1553347491, '任务编号：810211', '810211', ''),
(551, 10, 12, 1, 9, '1239.00', '15.00', '1254.00', 1553347491, 1553347491, '任务编号：810211', '810211', ''),
(552, 10, 12, 1, 8, '1254.00', '99.00', '1353.00', 1553347491, 1553347491, '任务编号：706802', '706802', ''),
(553, 10, 12, 1, 9, '1353.00', '15.00', '1368.00', 1553347491, 1553347491, '任务编号：706802', '706802', ''),
(554, 10, 12, 1, 8, '1368.00', '99.00', '1467.00', 1553347491, 1553347491, '任务编号：788293', '788293', ''),
(555, 10, 12, 1, 9, '1467.00', '15.00', '1482.00', 1553347491, 1553347491, '任务编号：788293', '788293', ''),
(556, 10, 12, 1, 8, '1482.00', '99.00', '1581.00', 1553347491, 1553347491, '任务编号：222799', '222799', ''),
(557, 10, 12, 1, 9, '1581.00', '15.00', '1596.00', 1553347491, 1553347491, '任务编号：222799', '222799', ''),
(558, 10, 12, 1, 8, '1596.00', '99.00', '1695.00', 1553347491, 1553347491, '任务编号：602459', '602459', ''),
(559, 10, 12, 1, 9, '1695.00', '15.00', '1710.00', 1553347491, 1553347491, '任务编号：602459', '602459', ''),
(560, 10, 12, 1, 8, '1710.00', '99.00', '1809.00', 1553347491, 1553347491, '任务编号：395779', '395779', ''),
(561, 10, 12, 1, 9, '1809.00', '15.00', '1824.00', 1553347491, 1553347491, '任务编号：395779', '395779', ''),
(562, 10, 12, 1, 8, '1824.00', '99.00', '1923.00', 1553347491, 1553347491, '任务编号：734350', '734350', ''),
(563, 10, 12, 1, 9, '1923.00', '15.00', '1938.00', 1553347491, 1553347491, '任务编号：734350', '734350', ''),
(564, 10, 12, 1, 8, '1938.00', '99.00', '2037.00', 1553347491, 1553347491, '任务编号：371444', '371444', ''),
(565, 10, 12, 1, 9, '2037.00', '15.00', '2052.00', 1553347491, 1553347491, '任务编号：371444', '371444', ''),
(566, 10, 12, 1, 8, '2052.00', '99.00', '2151.00', 1553347491, 1553347491, '任务编号：399981', '399981', ''),
(567, 10, 12, 1, 9, '2151.00', '15.00', '2166.00', 1553347491, 1553347491, '任务编号：399981', '399981', ''),
(568, 10, 12, 1, 8, '2166.00', '99.00', '2265.00', 1553347491, 1553347491, '任务编号：167373', '167373', ''),
(569, 10, 12, 1, 9, '2265.00', '15.00', '2280.00', 1553347491, 1553347491, '任务编号：167373', '167373', ''),
(570, 10, 12, 1, 8, '2280.00', '99.00', '2379.00', 1553347500, 1553347500, '任务编号：474743', '474743', ''),
(571, 10, 12, 1, 9, '2379.00', '15.00', '2394.00', 1553347500, 1553347500, '任务编号：474743', '474743', ''),
(572, 10, 12, 1, 8, '2394.00', '99.00', '2493.00', 1553347500, 1553347500, '任务编号：898019', '898019', ''),
(573, 10, 12, 1, 9, '2493.00', '15.00', '2508.00', 1553347500, 1553347500, '任务编号：898019', '898019', ''),
(574, 10, 12, 1, 8, '2508.00', '99.00', '2607.00', 1553347500, 1553347500, '任务编号：118402', '118402', ''),
(575, 10, 12, 1, 9, '2607.00', '15.00', '2622.00', 1553347500, 1553347500, '任务编号：118402', '118402', ''),
(576, 10, 12, 1, 8, '2622.00', '99.00', '2721.00', 1553347500, 1553347500, '任务编号：499710', '499710', ''),
(577, 10, 12, 1, 9, '2721.00', '15.00', '2736.00', 1553347500, 1553347500, '任务编号：499710', '499710', ''),
(578, 10, 12, 1, 8, '2736.00', '99.00', '2835.00', 1553347500, 1553347500, '任务编号：600097', '600097', ''),
(579, 10, 12, 1, 9, '2835.00', '15.00', '2850.00', 1553347500, 1553347500, '任务编号：600097', '600097', ''),
(580, 10, 12, 1, 8, '2850.00', '99.00', '2949.00', 1553347500, 1553347500, '任务编号：255648', '255648', ''),
(581, 10, 12, 1, 9, '2949.00', '15.00', '2964.00', 1553347500, 1553347500, '任务编号：255648', '255648', ''),
(582, 10, 12, 1, 8, '2964.00', '99.00', '3063.00', 1553347500, 1553347500, '任务编号：123345', '123345', ''),
(583, 10, 12, 1, 9, '3063.00', '15.00', '3078.00', 1553347500, 1553347500, '任务编号：123345', '123345', ''),
(584, 10, 12, 1, 8, '3078.00', '99.00', '3177.00', 1553347500, 1553347500, '任务编号：520913', '520913', ''),
(585, 10, 12, 1, 9, '3177.00', '15.00', '3192.00', 1553347500, 1553347500, '任务编号：520913', '520913', ''),
(586, 10, 12, 1, 8, '3192.00', '99.00', '3291.00', 1553347500, 1553347500, '任务编号：351037', '351037', ''),
(587, 10, 12, 1, 9, '3291.00', '15.00', '3306.00', 1553347500, 1553347500, '任务编号：351037', '351037', ''),
(588, 10, 12, 1, 8, '3306.00', '99.00', '3405.00', 1553347500, 1553347500, '任务编号：947457', '947457', ''),
(589, 10, 12, 1, 9, '3405.00', '15.00', '3420.00', 1553347500, 1553347500, '任务编号：947457', '947457', ''),
(590, 10, 12, 1, 8, '3420.00', '99.00', '3519.00', 1553347511, 1553347511, '任务编号：330438', '330438', ''),
(591, 10, 12, 1, 9, '3519.00', '15.00', '3534.00', 1553347511, 1553347511, '任务编号：330438', '330438', ''),
(592, 10, 12, 1, 8, '3534.00', '99.00', '3633.00', 1553347511, 1553347511, '任务编号：709109', '709109', ''),
(593, 10, 12, 1, 9, '3633.00', '15.00', '3648.00', 1553347511, 1553347511, '任务编号：709109', '709109', ''),
(594, 10, 12, 1, 8, '3648.00', '99.00', '3747.00', 1553347511, 1553347511, '任务编号：318188', '318188', ''),
(595, 10, 12, 1, 9, '3747.00', '15.00', '3762.00', 1553347511, 1553347511, '任务编号：318188', '318188', ''),
(596, 10, 12, 1, 8, '3762.00', '99.00', '3861.00', 1553347511, 1553347511, '任务编号：526571', '526571', ''),
(597, 10, 12, 1, 9, '3861.00', '15.00', '3876.00', 1553347511, 1553347511, '任务编号：526571', '526571', ''),
(598, 10, 12, 1, 8, '3876.00', '99.00', '3975.00', 1553347511, 1553347511, '任务编号：205303', '205303', ''),
(599, 10, 12, 1, 9, '3975.00', '15.00', '3990.00', 1553347511, 1553347511, '任务编号：205303', '205303', ''),
(600, 10, 12, 2, 5, '3990.00', '3990.00', '0.00', 1553348724, 1553348724, '任务Id：2019032300000002', '2019032300000002', ''),
(601, 10, 12, 1, 8, '0.00', '99.00', '99.00', 1553394173, 1553394173, '任务编号：256033', '256033', ''),
(602, 10, 12, 1, 9, '99.00', '15.00', '114.00', 1553394173, 1553394173, '任务编号：256033', '256033', ''),
(603, 10, 12, 1, 8, '114.00', '99.00', '213.00', 1553394173, 1553394173, '任务编号：794995', '794995', ''),
(604, 10, 12, 1, 9, '213.00', '15.00', '228.00', 1553394173, 1553394173, '任务编号：794995', '794995', ''),
(605, 10, 12, 1, 8, '228.00', '99.00', '327.00', 1553394173, 1553394173, '任务编号：871542', '871542', ''),
(606, 10, 12, 1, 9, '327.00', '15.00', '342.00', 1553394173, 1553394173, '任务编号：871542', '871542', ''),
(607, 10, 12, 1, 8, '342.00', '99.00', '441.00', 1553394173, 1553394173, '任务编号：284844', '284844', ''),
(608, 10, 12, 1, 9, '441.00', '15.00', '456.00', 1553394173, 1553394173, '任务编号：284844', '284844', ''),
(609, 10, 12, 1, 8, '456.00', '99.00', '555.00', 1553394173, 1553394173, '任务编号：913565', '913565', ''),
(610, 10, 12, 1, 9, '555.00', '15.00', '570.00', 1553394173, 1553394173, '任务编号：913565', '913565', ''),
(611, 10, 12, 1, 8, '570.00', '99.00', '669.00', 1553394173, 1553394173, '任务编号：915075', '915075', ''),
(612, 10, 12, 1, 9, '669.00', '15.00', '684.00', 1553394173, 1553394173, '任务编号：915075', '915075', ''),
(613, 10, 12, 1, 8, '684.00', '99.00', '783.00', 1553394173, 1553394173, '任务编号：146554', '146554', ''),
(614, 10, 12, 1, 9, '783.00', '15.00', '798.00', 1553394173, 1553394173, '任务编号：146554', '146554', ''),
(615, 10, 12, 1, 8, '798.00', '99.00', '897.00', 1553394173, 1553394173, '任务编号：495452', '495452', ''),
(616, 10, 12, 1, 9, '897.00', '15.00', '912.00', 1553394173, 1553394173, '任务编号：495452', '495452', ''),
(617, 10, 12, 1, 8, '912.00', '99.00', '1011.00', 1553394173, 1553394173, '任务编号：556838', '556838', ''),
(618, 10, 12, 1, 9, '1011.00', '15.00', '1026.00', 1553394173, 1553394173, '任务编号：556838', '556838', ''),
(619, 10, 12, 1, 8, '1026.00', '99.00', '1125.00', 1553394173, 1553394173, '任务编号：745117', '745117', ''),
(620, 10, 12, 1, 9, '1125.00', '15.00', '1140.00', 1553394173, 1553394173, '任务编号：745117', '745117', ''),
(621, 11, 13, 1, 2, '0.00', '500.00', '500.00', 1554262982, 1554262982, '', '', ''),
(622, 11, 13, 2, 5, '500.00', '232.00', '268.00', 1554263036, 1554263036, '任务Id：2019040300000001', '2019040300000001', ''),
(623, 11, 13, 1, 6, '268.00', '232.00', '500.00', 1554263106, 1554263106, '任务Id：2019040300000001', '2019040300000001', ''),
(624, 11, 13, 1, 2, '500.00', '5000.00', '5500.00', 1554263378, 1554263378, '', '', ''),
(625, 11, 13, 2, 5, '5500.00', '654.00', '4846.00', 1554263463, 1554263463, '任务Id：2019040300000002', '2019040300000002', ''),
(626, 11, 13, 1, 8, '4846.00', '200.00', '5046.00', 1554282643, 1554282643, '任务编号：947375', '947375', ''),
(627, 11, 13, 1, 9, '5046.00', '18.00', '5064.00', 1554282643, 1554282643, '任务编号：947375', '947375', ''),
(628, 11, 13, 1, 8, '5064.00', '200.00', '5264.00', 1554282648, 1554282648, '任务编号：765084', '765084', ''),
(629, 11, 13, 1, 9, '5264.00', '18.00', '5282.00', 1554282648, 1554282648, '任务编号：765084', '765084', ''),
(630, 11, 13, 1, 8, '5282.00', '200.00', '5482.00', 1554286754, 1554286754, '任务编号：248260', '248260', ''),
(631, 11, 13, 1, 9, '5482.00', '18.00', '5500.00', 1554286754, 1554286754, '任务编号：248260', '248260', ''),
(632, 11, 13, 2, 5, '5500.00', '1086.00', '4414.00', 1554287548, 1554287548, '任务Id：2019040300000003', '2019040300000003', ''),
(633, 11, 13, 2, 5, '4414.00', '297.00', '4117.00', 1554290290, 1554290290, '任务Id：2019040300000004', '2019040300000004', ''),
(634, 11, 13, 1, 6, '4117.00', '297.00', '4414.00', 1554290522, 1554290522, '任务Id：2019040300000004', '2019040300000004', ''),
(635, 11, 13, 2, 5, '4414.00', '334.00', '4080.00', 1554339517, 1554339517, '任务Id：2019040400000001', '2019040400000001', ''),
(636, 11, 13, 2, 5, '4080.00', '650.00', '3430.00', 1554344304, 1554344304, '任务Id：2019040400000002', '2019040400000002', ''),
(637, 11, 13, 2, 5, '3430.00', '218.00', '3212.00', 1554598191, 1554598191, '任务Id：2019040700000001', '2019040700000001', ''),
(638, 11, 13, 2, 5, '3212.00', '218.00', '2994.00', 1554598192, 1554598192, '任务Id：2019040700000002', '2019040700000002', ''),
(639, 11, 13, 1, 8, '2994.00', '200.00', '3194.00', 1554599642, 1554599642, '任务编号：155920', '155920', ''),
(640, 11, 13, 1, 9, '3194.00', '18.00', '3212.00', 1554599642, 1554599642, '任务编号：155920', '155920', ''),
(641, 11, 13, 1, 8, '3430.00', '200.00', '3630.00', 1554600537, 1554600537, '任务编号：465487', '465487', ''),
(642, 11, 13, 1, 9, '3630.00', '18.00', '3648.00', 1554600537, 1554600537, '任务编号：465487', '465487', ''),
(643, 11, 13, 1, 8, '3648.00', '200.00', '3848.00', 1554600537, 1554600537, '任务编号：402343', '402343', ''),
(644, 11, 13, 1, 9, '3848.00', '18.00', '3866.00', 1554600537, 1554600537, '任务编号：402343', '402343', ''),
(645, 11, 13, 2, 5, '3866.00', '72.00', '3794.00', 1554603948, 1554603948, '任务Id：2019040700000003', '2019040700000003', ''),
(646, 11, 13, 1, 8, '3794.00', '200.00', '3994.00', 1554605051, 1554605051, '任务编号：465487', '465487', ''),
(647, 11, 13, 1, 9, '3994.00', '18.00', '4012.00', 1554605051, 1554605051, '任务编号：465487', '465487', ''),
(648, 11, 13, 1, 8, '4012.00', '200.00', '4212.00', 1554605051, 1554605051, '任务编号：402343', '402343', ''),
(649, 11, 13, 1, 9, '4212.00', '18.00', '4230.00', 1554605051, 1554605051, '任务编号：402343', '402343', ''),
(650, 11, 13, 1, 8, '4230.00', '200.00', '4430.00', 1554605052, 1554605052, '任务编号：465487', '465487', ''),
(651, 11, 13, 1, 9, '4430.00', '18.00', '4448.00', 1554605052, 1554605052, '任务编号：465487', '465487', ''),
(652, 11, 13, 1, 8, '4448.00', '200.00', '4648.00', 1554605052, 1554605052, '任务编号：402343', '402343', ''),
(653, 11, 13, 1, 9, '4648.00', '18.00', '4666.00', 1554605052, 1554605052, '任务编号：402343', '402343', ''),
(654, 11, 13, 1, 8, '4666.00', '200.00', '4866.00', 1554605054, 1554605054, '任务编号：465487', '465487', ''),
(655, 11, 13, 1, 9, '4866.00', '18.00', '4884.00', 1554605054, 1554605054, '任务编号：465487', '465487', ''),
(656, 11, 13, 1, 8, '4884.00', '200.00', '5084.00', 1554605054, 1554605054, '任务编号：402343', '402343', ''),
(657, 11, 13, 1, 9, '5084.00', '18.00', '5102.00', 1554605054, 1554605054, '任务编号：402343', '402343', ''),
(658, 11, 13, 1, 8, '5102.00', '200.00', '5302.00', 1554605055, 1554605055, '任务编号：465487', '465487', ''),
(659, 11, 13, 1, 9, '5302.00', '18.00', '5320.00', 1554605055, 1554605055, '任务编号：465487', '465487', ''),
(660, 11, 13, 1, 8, '5320.00', '200.00', '5520.00', 1554605055, 1554605055, '任务编号：402343', '402343', ''),
(661, 11, 13, 1, 9, '5520.00', '18.00', '5538.00', 1554605055, 1554605055, '任务编号：402343', '402343', ''),
(662, 11, 13, 1, 8, '5538.00', '200.00', '5738.00', 1554605056, 1554605056, '任务编号：465487', '465487', ''),
(663, 11, 13, 1, 9, '5738.00', '18.00', '5756.00', 1554605056, 1554605056, '任务编号：465487', '465487', ''),
(664, 11, 13, 1, 8, '5756.00', '200.00', '5956.00', 1554605056, 1554605056, '任务编号：402343', '402343', ''),
(665, 11, 13, 1, 9, '5956.00', '18.00', '5974.00', 1554605056, 1554605056, '任务编号：402343', '402343', ''),
(666, 11, 13, 1, 8, '5974.00', '200.00', '6174.00', 1554605057, 1554605057, '任务编号：465487', '465487', ''),
(667, 11, 13, 1, 9, '6174.00', '18.00', '6192.00', 1554605057, 1554605057, '任务编号：465487', '465487', ''),
(668, 11, 13, 1, 8, '6192.00', '200.00', '6392.00', 1554605057, 1554605057, '任务编号：402343', '402343', ''),
(669, 11, 13, 1, 9, '6392.00', '18.00', '6410.00', 1554605057, 1554605057, '任务编号：402343', '402343', ''),
(670, 11, 13, 1, 8, '6410.00', '200.00', '6610.00', 1554605058, 1554605058, '任务编号：465487', '465487', ''),
(671, 11, 13, 1, 9, '6610.00', '18.00', '6628.00', 1554605058, 1554605058, '任务编号：465487', '465487', ''),
(672, 11, 13, 1, 8, '6628.00', '200.00', '6828.00', 1554605058, 1554605058, '任务编号：402343', '402343', ''),
(673, 11, 13, 1, 9, '6828.00', '18.00', '6846.00', 1554605058, 1554605058, '任务编号：402343', '402343', ''),
(674, 11, 13, 1, 8, '6846.00', '200.00', '7046.00', 1554605059, 1554605059, '任务编号：465487', '465487', ''),
(675, 11, 13, 1, 9, '7046.00', '18.00', '7064.00', 1554605059, 1554605059, '任务编号：465487', '465487', ''),
(676, 11, 13, 1, 8, '7064.00', '200.00', '7264.00', 1554605059, 1554605059, '任务编号：402343', '402343', ''),
(677, 11, 13, 1, 9, '7264.00', '18.00', '7282.00', 1554605059, 1554605059, '任务编号：402343', '402343', ''),
(678, 11, 13, 1, 8, '7282.00', '200.00', '7482.00', 1554605061, 1554605061, '任务编号：465487', '465487', ''),
(679, 11, 13, 1, 9, '7482.00', '18.00', '7500.00', 1554605061, 1554605061, '任务编号：465487', '465487', ''),
(680, 11, 13, 1, 8, '7500.00', '200.00', '7700.00', 1554605061, 1554605061, '任务编号：402343', '402343', ''),
(681, 11, 13, 1, 9, '7700.00', '18.00', '7718.00', 1554605061, 1554605061, '任务编号：402343', '402343', ''),
(682, 11, 13, 1, 8, '7718.00', '200.00', '7918.00', 1554605062, 1554605062, '任务编号：465487', '465487', ''),
(683, 11, 13, 1, 9, '7918.00', '18.00', '7936.00', 1554605062, 1554605062, '任务编号：465487', '465487', ''),
(684, 11, 13, 1, 8, '7936.00', '200.00', '8136.00', 1554605062, 1554605062, '任务编号：402343', '402343', ''),
(685, 11, 13, 1, 9, '8136.00', '18.00', '8154.00', 1554605062, 1554605062, '任务编号：402343', '402343', ''),
(686, 11, 13, 1, 8, '8154.00', '200.00', '8354.00', 1554605063, 1554605063, '任务编号：465487', '465487', ''),
(687, 11, 13, 1, 9, '8354.00', '18.00', '8372.00', 1554605063, 1554605063, '任务编号：465487', '465487', ''),
(688, 11, 13, 1, 8, '8372.00', '200.00', '8572.00', 1554605063, 1554605063, '任务编号：402343', '402343', ''),
(689, 11, 13, 1, 9, '8572.00', '18.00', '8590.00', 1554605063, 1554605063, '任务编号：402343', '402343', ''),
(690, 11, 13, 1, 8, '8590.00', '200.00', '8790.00', 1554605064, 1554605064, '任务编号：465487', '465487', ''),
(691, 11, 13, 1, 9, '8790.00', '18.00', '8808.00', 1554605064, 1554605064, '任务编号：465487', '465487', ''),
(692, 11, 13, 1, 8, '8808.00', '200.00', '9008.00', 1554605064, 1554605064, '任务编号：402343', '402343', ''),
(693, 11, 13, 1, 9, '9008.00', '18.00', '9026.00', 1554605064, 1554605064, '任务编号：402343', '402343', ''),
(694, 11, 13, 1, 8, '9026.00', '200.00', '9226.00', 1554605065, 1554605065, '任务编号：465487', '465487', ''),
(695, 11, 13, 1, 9, '9226.00', '18.00', '9244.00', 1554605065, 1554605065, '任务编号：465487', '465487', ''),
(696, 11, 13, 1, 8, '9244.00', '200.00', '9444.00', 1554605066, 1554605066, '任务编号：402343', '402343', ''),
(697, 11, 13, 1, 9, '9444.00', '18.00', '9462.00', 1554605066, 1554605066, '任务编号：402343', '402343', ''),
(698, 11, 13, 1, 8, '9462.00', '200.00', '9662.00', 1554605067, 1554605067, '任务编号：465487', '465487', ''),
(699, 11, 13, 1, 9, '9662.00', '18.00', '9680.00', 1554605068, 1554605068, '任务编号：465487', '465487', ''),
(700, 11, 13, 1, 8, '9680.00', '200.00', '9880.00', 1554605068, 1554605068, '任务编号：402343', '402343', ''),
(701, 11, 13, 1, 9, '9880.00', '18.00', '9898.00', 1554605068, 1554605068, '任务编号：402343', '402343', ''),
(702, 11, 13, 1, 8, '9898.00', '200.00', '10098.00', 1554605069, 1554605069, '任务编号：465487', '465487', ''),
(703, 11, 13, 1, 9, '10098.00', '18.00', '10116.00', 1554605069, 1554605069, '任务编号：465487', '465487', ''),
(704, 11, 13, 1, 8, '10116.00', '200.00', '10316.00', 1554605069, 1554605069, '任务编号：402343', '402343', ''),
(705, 11, 13, 1, 9, '10316.00', '18.00', '10334.00', 1554605069, 1554605069, '任务编号：402343', '402343', ''),
(706, 11, 13, 1, 8, '10334.00', '200.00', '10534.00', 1554605071, 1554605071, '任务编号：465487', '465487', ''),
(707, 11, 13, 1, 9, '10534.00', '18.00', '10552.00', 1554605071, 1554605071, '任务编号：465487', '465487', ''),
(708, 11, 13, 1, 8, '10552.00', '200.00', '10752.00', 1554605071, 1554605071, '任务编号：402343', '402343', ''),
(709, 11, 13, 1, 9, '10752.00', '18.00', '10770.00', 1554605071, 1554605071, '任务编号：402343', '402343', ''),
(710, 11, 13, 1, 8, '10770.00', '200.00', '10970.00', 1554605073, 1554605073, '任务编号：465487', '465487', ''),
(711, 11, 13, 1, 9, '10970.00', '18.00', '10988.00', 1554605073, 1554605073, '任务编号：465487', '465487', ''),
(712, 11, 13, 1, 8, '10988.00', '200.00', '11188.00', 1554605073, 1554605073, '任务编号：402343', '402343', ''),
(713, 11, 13, 1, 9, '11188.00', '18.00', '11206.00', 1554605073, 1554605073, '任务编号：402343', '402343', ''),
(714, 11, 13, 1, 8, '11206.00', '200.00', '11406.00', 1554605076, 1554605076, '任务编号：465487', '465487', ''),
(715, 11, 13, 1, 9, '11406.00', '18.00', '11424.00', 1554605076, 1554605076, '任务编号：465487', '465487', ''),
(716, 11, 13, 1, 8, '11424.00', '200.00', '11624.00', 1554605076, 1554605076, '任务编号：402343', '402343', ''),
(717, 11, 13, 1, 9, '11624.00', '18.00', '11642.00', 1554605076, 1554605076, '任务编号：402343', '402343', ''),
(718, 11, 13, 1, 8, '11642.00', '200.00', '11842.00', 1554605077, 1554605077, '任务编号：465487', '465487', ''),
(719, 11, 13, 1, 9, '11842.00', '18.00', '11860.00', 1554605077, 1554605077, '任务编号：465487', '465487', ''),
(720, 11, 13, 1, 8, '11860.00', '200.00', '12060.00', 1554605077, 1554605077, '任务编号：402343', '402343', ''),
(721, 11, 13, 1, 9, '12060.00', '18.00', '12078.00', 1554605077, 1554605077, '任务编号：402343', '402343', ''),
(722, 11, 13, 1, 8, '12078.00', '200.00', '12278.00', 1554605077, 1554605077, '任务编号：465487', '465487', ''),
(723, 11, 13, 1, 9, '12278.00', '18.00', '12296.00', 1554605077, 1554605077, '任务编号：465487', '465487', ''),
(724, 11, 13, 1, 8, '12296.00', '200.00', '12496.00', 1554605077, 1554605077, '任务编号：402343', '402343', ''),
(725, 11, 13, 1, 9, '12496.00', '18.00', '12514.00', 1554605077, 1554605077, '任务编号：402343', '402343', ''),
(726, 11, 13, 1, 8, '12514.00', '200.00', '12714.00', 1554605077, 1554605077, '任务编号：465487', '465487', ''),
(727, 11, 13, 1, 9, '12714.00', '18.00', '12732.00', 1554605077, 1554605077, '任务编号：465487', '465487', ''),
(728, 11, 13, 1, 8, '12732.00', '200.00', '12932.00', 1554605077, 1554605077, '任务编号：402343', '402343', ''),
(729, 11, 13, 1, 9, '12932.00', '18.00', '12950.00', 1554605077, 1554605077, '任务编号：402343', '402343', ''),
(730, 11, 13, 1, 8, '12950.00', '200.00', '13150.00', 1554605123, 1554605123, '任务编号：465487', '465487', ''),
(731, 11, 13, 1, 9, '13150.00', '18.00', '13168.00', 1554605123, 1554605123, '任务编号：465487', '465487', ''),
(732, 11, 13, 1, 8, '13168.00', '200.00', '13368.00', 1554605123, 1554605123, '任务编号：402343', '402343', ''),
(733, 11, 13, 1, 9, '13368.00', '18.00', '13386.00', 1554605123, 1554605123, '任务编号：402343', '402343', ''),
(734, 11, 13, 2, 5, '13386.00', '52.00', '13334.00', 1554605758, 1554605758, '任务Id：2019040700000004', '2019040700000004', ''),
(735, 11, 13, 1, 8, '13334.00', '10.00', '13344.00', 1554607021, 1554607021, '任务编号：820291', '820291', ''),
(736, 11, 13, 1, 9, '13344.00', '16.00', '13360.00', 1554607021, 1554607021, '任务编号：820291', '820291', ''),
(737, 11, 13, 1, 8, '13360.00', '10.00', '13370.00', 1554607021, 1554607021, '任务编号：635034', '635034', ''),
(738, 11, 13, 1, 9, '13370.00', '16.00', '13386.00', 1554607021, 1554607021, '任务编号：635034', '635034', ''),
(739, 11, 13, 1, 8, '13386.00', '20.00', '13406.00', 1554607021, 1554607021, '任务编号：504241', '504241', ''),
(740, 11, 13, 1, 9, '13406.00', '16.00', '13422.00', 1554607021, 1554607021, '任务编号：504241', '504241', ''),
(741, 11, 13, 1, 8, '13422.00', '20.00', '13442.00', 1554607021, 1554607021, '任务编号：994534', '994534', ''),
(742, 11, 13, 1, 9, '13442.00', '16.00', '13458.00', 1554607021, 1554607021, '任务编号：994534', '994534', ''),
(743, 11, 13, 2, 5, '13458.00', '260.00', '13198.00', 1554607398, 1554607398, '任务Id：2019040700000005', '2019040700000005', ''),
(744, 11, 13, 1, 8, '13198.00', '100.00', '13298.00', 1554607535, 1554607535, '任务编号：590621', '590621', ''),
(745, 11, 13, 1, 9, '13298.00', '16.00', '13314.00', 1554607535, 1554607535, '任务编号：590621', '590621', ''),
(746, 11, 13, 1, 8, '13314.00', '200.00', '13514.00', 1554607535, 1554607535, '任务编号：248260', '248260', ''),
(747, 11, 13, 1, 9, '13514.00', '18.00', '13532.00', 1554607535, 1554607535, '任务编号：248260', '248260', ''),
(748, 11, 13, 1, 8, '13532.00', '10.00', '13542.00', 1554607801, 1554607801, '任务编号：604904', '604904', ''),
(749, 11, 13, 1, 9, '13542.00', '16.00', '13558.00', 1554607801, 1554607801, '任务编号：604904', '604904', ''),
(750, 11, 13, 1, 8, '13558.00', '10.00', '13568.00', 1554607801, 1554607801, '任务编号：101263', '101263', ''),
(751, 11, 13, 1, 9, '13568.00', '16.00', '13584.00', 1554607801, 1554607801, '任务编号：101263', '101263', ''),
(752, 11, 13, 1, 8, '13584.00', '10.00', '13594.00', 1554607801, 1554607801, '任务编号：906204', '906204', ''),
(753, 11, 13, 1, 9, '13594.00', '16.00', '13610.00', 1554607801, 1554607801, '任务编号：906204', '906204', ''),
(754, 11, 13, 1, 8, '13610.00', '10.00', '13620.00', 1554607801, 1554607801, '任务编号：143505', '143505', ''),
(755, 11, 13, 1, 9, '13620.00', '16.00', '13636.00', 1554607801, 1554607801, '任务编号：143505', '143505', ''),
(756, 11, 13, 1, 8, '13636.00', '10.00', '13646.00', 1554607801, 1554607801, '任务编号：377377', '377377', ''),
(757, 11, 13, 1, 9, '13646.00', '16.00', '13662.00', 1554607801, 1554607801, '任务编号：377377', '377377', ''),
(758, 11, 13, 1, 8, '13662.00', '10.00', '13672.00', 1554607801, 1554607801, '任务编号：605426', '605426', ''),
(759, 11, 13, 1, 9, '13672.00', '16.00', '13688.00', 1554607801, 1554607801, '任务编号：605426', '605426', ''),
(760, 11, 13, 1, 8, '13688.00', '10.00', '13698.00', 1554607801, 1554607801, '任务编号：948501', '948501', ''),
(761, 11, 13, 1, 9, '13698.00', '16.00', '13714.00', 1554607801, 1554607801, '任务编号：948501', '948501', ''),
(762, 11, 13, 1, 8, '13714.00', '10.00', '13724.00', 1554607801, 1554607801, '任务编号：224914', '224914', ''),
(763, 11, 13, 1, 9, '13724.00', '16.00', '13740.00', 1554607801, 1554607801, '任务编号：224914', '224914', ''),
(764, 11, 13, 1, 8, '13740.00', '10.00', '13750.00', 1554607801, 1554607801, '任务编号：246530', '246530', ''),
(765, 11, 13, 1, 9, '13750.00', '16.00', '13766.00', 1554607801, 1554607801, '任务编号：246530', '246530', ''),
(766, 11, 13, 1, 8, '13766.00', '10.00', '13776.00', 1554607801, 1554607801, '任务编号：524237', '524237', ''),
(767, 11, 13, 1, 9, '13776.00', '16.00', '13792.00', 1554607801, 1554607801, '任务编号：524237', '524237', ''),
(768, 11, 13, 2, 5, '13792.00', '2180.00', '11612.00', 1554609488, 1554609488, '任务Id：2019040700000006', '2019040700000006', ''),
(769, 11, 13, 2, 5, '11612.00', '2180.00', '9432.00', 1554609488, 1554609488, '任务Id：2019040700000007', '2019040700000007', ''),
(770, 11, 13, 1, 6, '9432.00', '2180.00', '11612.00', 1554609551, 1554609551, '任务Id：2019040700000007', '2019040700000007', ''),
(771, 11, 13, 2, 5, '11612.00', '116.00', '11496.00', 1554620602, 1554620602, '任务Id：2019040700000008', '2019040700000008', ''),
(772, 11, 13, 2, 5, '11496.00', '116.00', '11380.00', 1554620602, 1554620602, '任务Id：2019040700000009', '2019040700000009', ''),
(773, 11, 13, 2, 5, '11380.00', '2180.00', '9200.00', 1554771519, 1554771519, '任务Id：2019040900000001', '2019040900000001', ''),
(774, 11, 13, 2, 5, '9200.00', '116.00', '9084.00', 1554771557, 1554771557, '任务Id：2019040900000002', '2019040900000002', ''),
(775, 11, 13, 2, 5, '9084.00', '116.00', '8968.00', 1554771841, 1554771841, '任务Id：2019040900000003', '2019040900000003', ''),
(776, 11, 13, 2, 1, '8968.00', '100.00', '8868.00', 1554794256, 1554794256, '', '', ''),
(777, 11, 13, 1, 7, '8868.00', '100.00', '8968.00', 1554794272, 1554794272, '', '', ''),
(778, 11, 13, 2, 1, '8968.00', '100.00', '8868.00', 1554794350, 1554794350, '', '', ''),
(779, 11, 13, 1, 3, '8868.00', '200.00', '9068.00', 1554797751, 1554797751, '贷款金额由0.00元升到200元', '', '');

-- --------------------------------------------------------

--
-- 表的结构 `merchantrecharge`
--

CREATE TABLE IF NOT EXISTS `merchantrecharge` (
  `id` bigint(20) unsigned NOT NULL AUTO_INCREMENT,
  `merchant_id` int(10) NOT NULL COMMENT '商家Id',
  `money` decimal(10,2) DEFAULT '0.00' COMMENT '充值金额',
  `type` smallint(3) DEFAULT NULL COMMENT '充值方式:支付宝、银行卡',
  `zfbmoneycode` varchar(200) NOT NULL COMMENT '支付宝收款码',
  `bankname` varchar(50) NOT NULL COMMENT '收款银行',
  `bankcode` varchar(50) DEFAULT '' COMMENT '收款银行卡号',
  `realname` varchar(50) DEFAULT '' COMMENT '收款姓名(收款人)',
  `status` smallint(3) DEFAULT NULL COMMENT '状态:待审核、已通过、已拒绝',
  `tradeno` varchar(200) DEFAULT NULL COMMENT '交易单号',
  `tradeimg` varchar(200) DEFAULT NULL COMMENT '交易截图',
  `remark` varchar(500) DEFAULT '' COMMENT '备注',
  `intime` int(10) NOT NULL COMMENT '添加时间',
  `uptime` int(10) NOT NULL COMMENT '更新时间',
  PRIMARY KEY (`id`)
) ENGINE=InnoDB  DEFAULT CHARSET=utf8 COMMENT='商家充值' AUTO_INCREMENT=53 ;

--
-- 转存表中的数据 `merchantrecharge`
--

INSERT INTO `merchantrecharge` (`id`, `merchant_id`, `money`, `type`, `zfbmoneycode`, `bankname`, `bankcode`, `realname`, `status`, `tradeno`, `tradeimg`, `remark`, `intime`, `uptime`) VALUES
(48, 10, '3990.00', 2, '', '招商银行', '6214837884748181', '邹日昌', 2, '2255467896789754554', '/uploads/20190323\\4e59949859ceabeb67060dd0a26336b6.png', '', 1553347307, 1553347331),
(49, 11, '1000.00', 1, '/uploads/20190323\\d4e19867ca085b6d4602920b17176131.jpg', '', '', '', 3, '2019040300000001', '/uploads/20190403\\ecb0efacd81c9e31630cc86f219ad4ef.png', '', 1554262915, 1554262995),
(50, 11, '1000.00', 1, '/uploads/20190323\\d4e19867ca085b6d4602920b17176131.jpg', '', '', '', 3, '2019040300000001', '/uploads/20190403\\ecb0efacd81c9e31630cc86f219ad4ef.png', '', 1554262915, 1554262991),
(51, 11, '500.00', 1, '/uploads/20190323\\d4e19867ca085b6d4602920b17176131.jpg', '', '', '', 2, '2019040300000001', '/uploads/20190403\\3c805e349601653ba7c7a6f0d18484df.png', '', 1554262961, 1554262982),
(52, 11, '5000.00', 1, '/uploads/20190323\\d4e19867ca085b6d4602920b17176131.jpg', '', '', '', 2, '456879654', '/uploads/20190403\\2975e5323d1ac6682815ecafdf4b30de.png', '', 1554263350, 1554263378);

-- --------------------------------------------------------

--
-- 表的结构 `merchantwithout`
--

CREATE TABLE IF NOT EXISTS `merchantwithout` (
  `id` bigint(20) unsigned NOT NULL AUTO_INCREMENT,
  `merchant_id` int(10) DEFAULT NULL COMMENT '商家Id',
  `without_id` int(10) DEFAULT NULL COMMENT '服务费Id',
  `start` decimal(10,2) DEFAULT '0.00' COMMENT '区间开始',
  `end` decimal(10,2) DEFAULT '0.00' COMMENT '区间结束',
  `price` decimal(10,2) unsigned DEFAULT '0.00' COMMENT '服务费',
  `intime` int(10) DEFAULT '0' COMMENT '添加时间',
  `uptime` int(10) DEFAULT '0' COMMENT '更新时间',
  PRIMARY KEY (`id`)
) ENGINE=InnoDB  DEFAULT CHARSET=utf8 COMMENT='商家服务费' AUTO_INCREMENT=61 ;

--
-- 转存表中的数据 `merchantwithout`
--

INSERT INTO `merchantwithout` (`id`, `merchant_id`, `without_id`, `start`, `end`, `price`, `intime`, `uptime`) VALUES
(51, 10, 1, '1.00', '99.00', '14.00', 1553345544, 1554801298),
(52, 10, 2, '100.00', '199.00', '17.00', 1553345545, 1553346678),
(53, 10, 3, '201.00', '300.00', '22.00', 1553345545, 1553345545),
(54, 10, 4, '300.00', '400.00', '25.00', 1553345545, 1553345545),
(55, 10, 5, '401.00', '500.00', '30.00', 1553345545, 1553345545),
(56, 11, 1, '0.00', '100.00', '16.00', 1554257749, 1554257749),
(57, 11, 2, '101.00', '200.00', '18.00', 1554257749, 1554257749),
(58, 11, 3, '201.00', '300.00', '22.00', 1554257749, 1554257749),
(59, 11, 4, '300.00', '400.00', '25.00', 1554257749, 1554257749),
(60, 11, 5, '401.00', '500.00', '30.00', 1554257749, 1554257749);

-- --------------------------------------------------------

--
-- 表的结构 `order`
--

CREATE TABLE IF NOT EXISTS `order` (
  `id` bigint(20) unsigned NOT NULL AUTO_INCREMENT,
  `merchant_id` int(10) DEFAULT NULL COMMENT '商家Id',
  `shop_id` int(10) DEFAULT NULL COMMENT '店铺Id',
  `shop_name` varchar(200) DEFAULT NULL COMMENT '店铺名称',
  `task_id` int(10) DEFAULT NULL COMMENT '任务Id',
  `taskdetail_id` int(10) DEFAULT NULL COMMENT 'taskdetailId',
  `mainimage` varchar(200) DEFAULT NULL COMMENT '商品主图',
  `goodstitle` varchar(500) DEFAULT NULL COMMENT '商品标题',
  `verifycode` varchar(50) DEFAULT NULL COMMENT '任务编号',
  `user_id` int(10) DEFAULT NULL COMMENT '粉丝Id',
  `wangwang` varchar(50) DEFAULT NULL COMMENT '旺旺号',
  `mobile` varchar(50) DEFAULT NULL COMMENT '手机号',
  `price` decimal(10,2) unsigned DEFAULT '0.00' COMMENT '单价',
  `priceremark` varchar(500) DEFAULT NULL COMMENT '单价备注',
  `without_price` decimal(10,2) DEFAULT '0.00' COMMENT '商家服务费单价',
  `within_price` decimal(10,2) DEFAULT '0.00' COMMENT '佣金',
  `tbcode` varchar(50) DEFAULT NULL COMMENT '淘宝订单号',
  `finishtime` int(10) DEFAULT NULL COMMENT '完成时间',
  `type` smallint(3) DEFAULT NULL COMMENT '订单类型：正常订单、退款订单、异常订单',
  `status1` smallint(3) DEFAULT NULL COMMENT '状态：待领取、已领取、已完成',
  `status2` smallint(3) DEFAULT NULL COMMENT '状态：待审核、已拒绝、已返款',
  `status3` smallint(3) DEFAULT NULL COMMENT '状态：处理中、已处理',
  `isexcep` smallint(3) DEFAULT '1' COMMENT '是否异常',
  `exceptioninfo` varchar(500) DEFAULT NULL COMMENT '异常信息',
  `iscollect` smallint(3) DEFAULT '1' COMMENT '是否收藏',
  `iscart` smallint(3) DEFAULT '1' COMMENT '是否加购',
  `verifytype` smallint(3) DEFAULT '1' COMMENT '核对类型',
  `verifygoodstitle` varchar(50) DEFAULT NULL COMMENT '核对商品名称',
  `verifyshopname` varchar(50) DEFAULT NULL COMMENT '核对店铺名称',
  `payprice` decimal(10,2) DEFAULT '0.00' COMMENT '实付金额',
  `payimage` varchar(200) DEFAULT NULL COMMENT '支付宝订单截图',
  `paritytitle1` varchar(500) DEFAULT NULL COMMENT '货比三家标题',
  `paritytitle2` varchar(500) DEFAULT NULL COMMENT '货比三家标题',
  `paritytitle3` varchar(500) DEFAULT NULL COMMENT '货比三家标题',
  `remark` varchar(2000) DEFAULT NULL COMMENT '备注',
  `worktype` smallint(3) DEFAULT NULL COMMENT '工作类型：今日单、明日单',
  `worktime` int(10) DEFAULT NULL COMMENT '工作日期：今日单、明日单',
  `aid` int(10) unsigned DEFAULT '0' COMMENT '客服Id(admin_id)',
  `aidtime` int(10) DEFAULT NULL COMMENT '领取时间',
  `intime` int(10) DEFAULT NULL COMMENT '添加时间',
  `uptime` int(10) DEFAULT NULL COMMENT '更新时间',
  PRIMARY KEY (`id`)
) ENGINE=InnoDB  DEFAULT CHARSET=utf8 COMMENT='粉丝订单' AUTO_INCREMENT=13009 ;

--
-- 转存表中的数据 `order`
--

INSERT INTO `order` (`id`, `merchant_id`, `shop_id`, `shop_name`, `task_id`, `taskdetail_id`, `mainimage`, `goodstitle`, `verifycode`, `user_id`, `wangwang`, `mobile`, `price`, `priceremark`, `without_price`, `within_price`, `tbcode`, `finishtime`, `type`, `status1`, `status2`, `status3`, `isexcep`, `exceptioninfo`, `iscollect`, `iscart`, `verifytype`, `verifygoodstitle`, `verifyshopname`, `payprice`, `payimage`, `paritytitle1`, `paritytitle2`, `paritytitle3`, `remark`, `worktype`, `worktime`, `aid`, `aidtime`, `intime`, `uptime`) VALUES
(12865, 10, 12, '邸力通生活服务', 67, 111, '/uploads/20190323\\f1e09cb5593610af07df1194651ba340.png', '苹果手机维修店iphone6s7plus8X主板进水不开机指纹基带WiFi寄修', '205303', NULL, NULL, NULL, '99.00', '', '15.00', '5.00', NULL, 1553347511, 2, 1, 3, NULL, 1, '申请下架', 1, 1, 1, NULL, NULL, '0.00', NULL, NULL, NULL, NULL, NULL, 1, 1553347000, 0, NULL, 1553347000, 1553347417),
(12866, 10, 12, '邸力通生活服务', 67, 111, '/uploads/20190323\\f1e09cb5593610af07df1194651ba340.png', '苹果手机维修店iphone6s7plus8X主板进水不开机指纹基带WiFi寄修', '526571', NULL, NULL, NULL, '99.00', '', '15.00', '5.00', NULL, 1553347511, 2, 1, 3, NULL, 1, '申请下架', 1, 1, 1, NULL, NULL, '0.00', NULL, NULL, NULL, NULL, NULL, 1, 1553347000, 0, NULL, 1553347000, 1553347417),
(12867, 10, 12, '邸力通生活服务', 67, 111, '/uploads/20190323\\f1e09cb5593610af07df1194651ba340.png', '苹果手机维修店iphone6s7plus8X主板进水不开机指纹基带WiFi寄修', '318188', NULL, NULL, NULL, '99.00', '', '15.00', '5.00', NULL, 1553347511, 2, 1, 3, NULL, 1, '申请下架', 1, 1, 1, NULL, NULL, '0.00', NULL, NULL, NULL, NULL, NULL, 1, 1553347000, 0, NULL, 1553347000, 1553347417),
(12868, 10, 12, '邸力通生活服务', 67, 111, '/uploads/20190323\\f1e09cb5593610af07df1194651ba340.png', '苹果手机维修店iphone6s7plus8X主板进水不开机指纹基带WiFi寄修', '709109', NULL, NULL, NULL, '99.00', '', '15.00', '5.00', NULL, 1553347511, 2, 1, 3, NULL, 1, '申请下架', 1, 1, 1, NULL, NULL, '0.00', NULL, NULL, NULL, NULL, NULL, 1, 1553347000, 0, NULL, 1553347000, 1553347417),
(12869, 10, 12, '邸力通生活服务', 67, 111, '/uploads/20190323\\f1e09cb5593610af07df1194651ba340.png', '苹果手机维修店iphone6s7plus8X主板进水不开机指纹基带WiFi寄修', '330438', NULL, NULL, NULL, '99.00', '', '15.00', '5.00', NULL, 1553347511, 2, 1, 3, NULL, 1, '申请下架', 1, 1, 1, NULL, NULL, '0.00', NULL, NULL, NULL, NULL, NULL, 1, 1553347000, 0, NULL, 1553347000, 1553347417),
(12870, 10, 12, '邸力通生活服务', 67, 111, '/uploads/20190323\\f1e09cb5593610af07df1194651ba340.png', '苹果手机维修店iphone6s7plus8X主板进水不开机指纹基带WiFi寄修', '947457', NULL, NULL, NULL, '99.00', '', '15.00', '5.00', NULL, 1553347500, 2, 1, 3, NULL, 1, '申请下架', 1, 1, 1, NULL, NULL, '0.00', NULL, NULL, NULL, NULL, NULL, 1, 1553347000, 0, NULL, 1553347000, 1553347417),
(12871, 10, 12, '邸力通生活服务', 67, 111, '/uploads/20190323\\f1e09cb5593610af07df1194651ba340.png', '苹果手机维修店iphone6s7plus8X主板进水不开机指纹基带WiFi寄修', '351037', NULL, NULL, NULL, '99.00', '', '15.00', '5.00', NULL, 1553347500, 2, 1, 3, NULL, 1, '申请下架', 1, 1, 1, NULL, NULL, '0.00', NULL, NULL, NULL, NULL, NULL, 1, 1553347000, 0, NULL, 1553347000, 1553347417),
(12872, 10, 12, '邸力通生活服务', 67, 112, '/uploads/20190323\\f1e09cb5593610af07df1194651ba340.png', '苹果手机维修店iphone6s7plus8X主板进水不开机指纹基带WiFi寄修', '520913', NULL, NULL, NULL, '99.00', '', '15.00', '5.00', NULL, 1553347500, 2, 1, 3, NULL, 1, '申请下架', 1, 1, 1, NULL, NULL, '0.00', NULL, NULL, NULL, NULL, NULL, 1, 1553347000, 0, NULL, 1553347000, 1553347417),
(12873, 10, 12, '邸力通生活服务', 67, 112, '/uploads/20190323\\f1e09cb5593610af07df1194651ba340.png', '苹果手机维修店iphone6s7plus8X主板进水不开机指纹基带WiFi寄修', '123345', NULL, NULL, NULL, '99.00', '', '15.00', '5.00', NULL, 1553347500, 2, 1, 3, NULL, 1, '申请下架', 1, 1, 1, NULL, NULL, '0.00', NULL, NULL, NULL, NULL, NULL, 1, 1553347000, 0, NULL, 1553347000, 1553347417),
(12874, 10, 12, '邸力通生活服务', 67, 112, '/uploads/20190323\\f1e09cb5593610af07df1194651ba340.png', '苹果手机维修店iphone6s7plus8X主板进水不开机指纹基带WiFi寄修', '255648', NULL, NULL, NULL, '99.00', '', '15.00', '5.00', NULL, 1553347500, 2, 1, 3, NULL, 1, '申请下架', 1, 1, 1, NULL, NULL, '0.00', NULL, NULL, NULL, NULL, NULL, 1, 1553347000, 0, NULL, 1553347000, 1553347417),
(12875, 10, 12, '邸力通生活服务', 67, 112, '/uploads/20190323\\f1e09cb5593610af07df1194651ba340.png', '苹果手机维修店iphone6s7plus8X主板进水不开机指纹基带WiFi寄修', '600097', NULL, NULL, NULL, '99.00', '', '15.00', '5.00', NULL, 1553347500, 2, 1, 3, NULL, 1, '申请下架', 1, 1, 1, NULL, NULL, '0.00', NULL, NULL, NULL, NULL, NULL, 1, 1553347000, 0, NULL, 1553347000, 1553347417),
(12876, 10, 12, '邸力通生活服务', 67, 112, '/uploads/20190323\\f1e09cb5593610af07df1194651ba340.png', '苹果手机维修店iphone6s7plus8X主板进水不开机指纹基带WiFi寄修', '499710', NULL, NULL, NULL, '99.00', '', '15.00', '5.00', NULL, 1553347500, 2, 1, 3, NULL, 1, '申请下架', 1, 1, 1, NULL, NULL, '0.00', NULL, NULL, NULL, NULL, NULL, 1, 1553347000, 0, NULL, 1553347000, 1553347417),
(12877, 10, 12, '邸力通生活服务', 67, 112, '/uploads/20190323\\f1e09cb5593610af07df1194651ba340.png', '苹果手机维修店iphone6s7plus8X主板进水不开机指纹基带WiFi寄修', '118402', NULL, NULL, NULL, '99.00', '', '15.00', '5.00', NULL, 1553347500, 2, 1, 3, NULL, 1, '申请下架', 1, 1, 1, NULL, NULL, '0.00', NULL, NULL, NULL, NULL, NULL, 1, 1553347000, 0, NULL, 1553347000, 1553347417),
(12878, 10, 12, '邸力通生活服务', 67, 113, '/uploads/20190323\\f1e09cb5593610af07df1194651ba340.png', '苹果手机维修店iphone6s7plus8X主板进水不开机指纹基带WiFi寄修', '898019', NULL, NULL, NULL, '99.00', '', '15.00', '5.00', NULL, 1553347500, 2, 1, 3, NULL, 1, '申请下架', 1, 1, 1, NULL, NULL, '0.00', NULL, NULL, NULL, NULL, NULL, 1, 1553347000, 0, NULL, 1553347000, 1553347417),
(12879, 10, 12, '邸力通生活服务', 67, 113, '/uploads/20190323\\f1e09cb5593610af07df1194651ba340.png', '苹果手机维修店iphone6s7plus8X主板进水不开机指纹基带WiFi寄修', '474743', NULL, NULL, NULL, '99.00', '', '15.00', '5.00', NULL, 1553347500, 2, 1, 3, NULL, 1, '申请下架', 1, 1, 1, NULL, NULL, '0.00', NULL, NULL, NULL, NULL, NULL, 1, 1553347000, 0, NULL, 1553347000, 1553347417),
(12880, 10, 12, '邸力通生活服务', 67, 113, '/uploads/20190323\\f1e09cb5593610af07df1194651ba340.png', '苹果手机维修店iphone6s7plus8X主板进水不开机指纹基带WiFi寄修', '167373', NULL, NULL, NULL, '99.00', '', '15.00', '5.00', NULL, 1553347491, 2, 1, 3, NULL, 1, '申请下架', 1, 1, 1, NULL, NULL, '0.00', NULL, NULL, NULL, NULL, NULL, 1, 1553347000, 0, NULL, 1553347000, 1553347417),
(12881, 10, 12, '邸力通生活服务', 67, 113, '/uploads/20190323\\f1e09cb5593610af07df1194651ba340.png', '苹果手机维修店iphone6s7plus8X主板进水不开机指纹基带WiFi寄修', '399981', NULL, NULL, NULL, '99.00', '', '15.00', '5.00', NULL, 1553347491, 2, 1, 3, NULL, 1, '申请下架', 1, 1, 1, NULL, NULL, '0.00', NULL, NULL, NULL, NULL, NULL, 1, 1553347000, 0, NULL, 1553347000, 1553347417),
(12882, 10, 12, '邸力通生活服务', 67, 113, '/uploads/20190323\\f1e09cb5593610af07df1194651ba340.png', '苹果手机维修店iphone6s7plus8X主板进水不开机指纹基带WiFi寄修', '371444', NULL, NULL, NULL, '99.00', '', '15.00', '5.00', NULL, 1553347491, 2, 1, 3, NULL, 1, '申请下架', 1, 1, 1, NULL, NULL, '0.00', NULL, NULL, NULL, NULL, NULL, 1, 1553347000, 0, NULL, 1553347000, 1553347417),
(12883, 10, 12, '邸力通生活服务', 67, 114, '/uploads/20190323\\f1e09cb5593610af07df1194651ba340.png', '苹果手机维修店iphone6s7plus8X主板进水不开机指纹基带WiFi寄修', '734350', NULL, NULL, NULL, '99.00', '', '15.00', '5.00', NULL, 1553347491, 2, 1, 3, NULL, 1, '申请下架', 1, 1, 1, NULL, NULL, '0.00', NULL, NULL, NULL, NULL, NULL, 1, 1553347000, 0, NULL, 1553347000, 1553347417),
(12884, 10, 12, '邸力通生活服务', 67, 114, '/uploads/20190323\\f1e09cb5593610af07df1194651ba340.png', '苹果手机维修店iphone6s7plus8X主板进水不开机指纹基带WiFi寄修', '395779', NULL, NULL, NULL, '99.00', '', '15.00', '5.00', NULL, 1553347491, 2, 1, 3, NULL, 1, '申请下架', 1, 1, 1, NULL, NULL, '0.00', NULL, NULL, NULL, NULL, NULL, 1, 1553347000, 0, NULL, 1553347000, 1553347417),
(12885, 10, 12, '邸力通生活服务', 67, 114, '/uploads/20190323\\f1e09cb5593610af07df1194651ba340.png', '苹果手机维修店iphone6s7plus8X主板进水不开机指纹基带WiFi寄修', '602459', NULL, NULL, NULL, '99.00', '', '15.00', '5.00', NULL, 1553347491, 2, 1, 3, NULL, 1, '申请下架', 1, 1, 1, NULL, NULL, '0.00', NULL, NULL, NULL, NULL, NULL, 1, 1553347000, 0, NULL, 1553347000, 1553347417),
(12886, 10, 12, '邸力通生活服务', 67, 114, '/uploads/20190323\\f1e09cb5593610af07df1194651ba340.png', '苹果手机维修店iphone6s7plus8X主板进水不开机指纹基带WiFi寄修', '222799', NULL, NULL, NULL, '99.00', '', '15.00', '5.00', NULL, 1553347491, 2, 1, 3, NULL, 1, '申请下架', 1, 1, 1, NULL, NULL, '0.00', NULL, NULL, NULL, NULL, NULL, 1, 1553347000, 0, NULL, 1553347000, 1553347417),
(12887, 10, 12, '邸力通生活服务', 67, 114, '/uploads/20190323\\f1e09cb5593610af07df1194651ba340.png', '苹果手机维修店iphone6s7plus8X主板进水不开机指纹基带WiFi寄修', '788293', NULL, NULL, NULL, '99.00', '', '15.00', '5.00', NULL, 1553347491, 2, 1, 3, NULL, 1, '申请下架', 1, 1, 1, NULL, NULL, '0.00', NULL, NULL, NULL, NULL, NULL, 1, 1553347000, 0, NULL, 1553347000, 1553347417),
(12888, 10, 12, '邸力通生活服务', 67, 115, '/uploads/20190323\\f1e09cb5593610af07df1194651ba340.png', '苹果手机维修店iphone6s7plus8X主板进水不开机指纹基带WiFi寄修', '706802', NULL, NULL, NULL, '99.00', '', '15.00', '5.00', NULL, 1553347491, 2, 1, 3, NULL, 1, '申请下架', 1, 1, 1, NULL, NULL, '0.00', NULL, NULL, NULL, NULL, NULL, 1, 1553347000, 0, NULL, 1553347000, 1553347416),
(12889, 10, 12, '邸力通生活服务', 67, 115, '/uploads/20190323\\f1e09cb5593610af07df1194651ba340.png', '苹果手机维修店iphone6s7plus8X主板进水不开机指纹基带WiFi寄修', '810211', NULL, NULL, NULL, '99.00', '', '15.00', '5.00', NULL, 1553347490, 2, 1, 3, NULL, 1, '申请下架', 1, 1, 1, NULL, NULL, '0.00', NULL, NULL, NULL, NULL, NULL, 1, 1553347000, 0, NULL, 1553347000, 1553347416),
(12890, 10, 12, '邸力通生活服务', 67, 115, '/uploads/20190323\\f1e09cb5593610af07df1194651ba340.png', '苹果手机维修店iphone6s7plus8X主板进水不开机指纹基带WiFi寄修', '648959', NULL, NULL, NULL, '99.00', '', '15.00', '5.00', NULL, 1553347464, 2, 1, 3, NULL, 1, '申请下架', 1, 1, 1, NULL, NULL, '0.00', NULL, NULL, NULL, NULL, NULL, 1, 1553347000, 0, NULL, 1553347000, 1553347416),
(12891, 10, 12, '邸力通生活服务', 67, 116, '/uploads/20190323\\f1e09cb5593610af07df1194651ba340.png', '苹果手机维修店iphone6s7plus8X主板进水不开机指纹基带WiFi寄修', '495947', NULL, NULL, NULL, '99.00', '', '15.00', '5.00', NULL, 1553347464, 2, 1, 3, NULL, 1, '申请下架', 1, 1, 1, NULL, NULL, '0.00', NULL, NULL, NULL, NULL, NULL, 1, 1553347000, 0, NULL, 1553347000, 1553347416),
(12892, 10, 12, '邸力通生活服务', 67, 116, '/uploads/20190323\\f1e09cb5593610af07df1194651ba340.png', '苹果手机维修店iphone6s7plus8X主板进水不开机指纹基带WiFi寄修', '172317', NULL, NULL, NULL, '99.00', '', '15.00', '5.00', NULL, 1553347464, 2, 1, 3, NULL, 1, '申请下架', 1, 1, 1, NULL, NULL, '0.00', NULL, NULL, NULL, NULL, NULL, 1, 1553347000, 0, NULL, 1553347000, 1553347416),
(12893, 10, 12, '邸力通生活服务', 67, 116, '/uploads/20190323\\f1e09cb5593610af07df1194651ba340.png', '苹果手机维修店iphone6s7plus8X主板进水不开机指纹基带WiFi寄修', '657611', NULL, NULL, NULL, '99.00', '', '15.00', '5.00', NULL, 1553347464, 2, 1, 3, NULL, 1, '申请下架', 1, 1, 1, NULL, NULL, '0.00', NULL, NULL, NULL, NULL, NULL, 1, 1553347000, 0, NULL, 1553347000, 1553347416),
(12894, 10, 12, '邸力通生活服务', 67, 117, '/uploads/20190323\\f1e09cb5593610af07df1194651ba340.png', '苹果手机维修店iphone6s7plus8X主板进水不开机指纹基带WiFi寄修', '496798', NULL, NULL, NULL, '99.00', '', '15.00', '5.00', NULL, 1553347464, 2, 1, 3, NULL, 1, '申请下架', 1, 1, 1, NULL, NULL, '0.00', NULL, NULL, NULL, NULL, NULL, 1, 1553347000, 0, NULL, 1553347000, 1553347416),
(12895, 10, 12, '邸力通生活服务', 67, 117, '/uploads/20190323\\f1e09cb5593610af07df1194651ba340.png', '苹果手机维修店iphone6s7plus8X主板进水不开机指纹基带WiFi寄修', '166687', NULL, NULL, NULL, '99.00', '', '15.00', '5.00', NULL, 1553347464, 2, 1, 3, NULL, 1, '申请下架', 1, 1, 1, NULL, NULL, '0.00', NULL, NULL, NULL, NULL, NULL, 1, 1553347000, 0, NULL, 1553347000, 1553347416),
(12896, 10, 12, '邸力通生活服务', 67, 117, '/uploads/20190323\\f1e09cb5593610af07df1194651ba340.png', '苹果手机维修店iphone6s7plus8X主板进水不开机指纹基带WiFi寄修', '114199', NULL, NULL, NULL, '99.00', '', '15.00', '5.00', NULL, 1553347464, 2, 1, 3, NULL, 1, '申请下架', 1, 1, 1, NULL, NULL, '0.00', NULL, NULL, NULL, NULL, NULL, 1, 1553347000, 0, NULL, 1553347000, 1553347416),
(12897, 10, 12, '邸力通生活服务', 67, 117, '/uploads/20190323\\f1e09cb5593610af07df1194651ba340.png', '苹果手机维修店iphone6s7plus8X主板进水不开机指纹基带WiFi寄修', '229034', NULL, NULL, NULL, '99.00', '', '15.00', '5.00', NULL, 1553347464, 2, 1, 3, NULL, 1, '申请下架', 1, 1, 1, NULL, NULL, '0.00', NULL, NULL, NULL, NULL, NULL, 1, 1553347000, 0, NULL, 1553347000, 1553347416),
(12898, 10, 12, '邸力通生活服务', 67, 118, '/uploads/20190323\\f1e09cb5593610af07df1194651ba340.png', '苹果手机维修店iphone6s7plus8X主板进水不开机指纹基带WiFi寄修', '863192', NULL, NULL, NULL, '99.00', '', '15.00', '5.00', NULL, 1553347464, 2, 1, 3, NULL, 1, '申请下架', 1, 1, 1, NULL, NULL, '0.00', NULL, NULL, NULL, NULL, NULL, 1, 1553347000, 0, NULL, 1553347000, 1553347416),
(12899, 10, 12, '邸力通生活服务', 67, 118, '/uploads/20190323\\f1e09cb5593610af07df1194651ba340.png', '苹果手机维修店iphone6s7plus8X主板进水不开机指纹基带WiFi寄修', '559887', NULL, NULL, NULL, '99.00', '', '15.00', '5.00', NULL, 1553347464, 2, 1, 3, NULL, 1, '申请下架', 1, 1, 1, NULL, NULL, '0.00', NULL, NULL, NULL, NULL, NULL, 1, 1553347000, 0, NULL, 1553347000, 1553347416),
(12900, 10, 12, '邸力通生活服务', 68, 119, '/uploads/20190323\\43acfbb509323f36b07057aadf65d750.png', '苹果手机维修店iphone6s7plus8X主板进水不开机指纹基带WiFi寄修', '816171', NULL, NULL, NULL, '99.00', '', '15.00', '5.00', NULL, NULL, 1, 1, NULL, NULL, 1, NULL, 1, 1, 1, NULL, NULL, '0.00', NULL, NULL, NULL, NULL, NULL, 2, 1553435124, 0, NULL, 1553348724, 1553348724),
(12901, 10, 12, '邸力通生活服务', 68, 119, '/uploads/20190323\\43acfbb509323f36b07057aadf65d750.png', '苹果手机维修店iphone6s7plus8X主板进水不开机指纹基带WiFi寄修', '609545', NULL, NULL, NULL, '99.00', '', '15.00', '5.00', NULL, NULL, 1, 1, NULL, NULL, 1, NULL, 1, 1, 1, NULL, NULL, '0.00', NULL, NULL, NULL, NULL, NULL, 2, 1553435124, 0, NULL, 1553348724, 1553348724),
(12902, 10, 12, '邸力通生活服务', 68, 119, '/uploads/20190323\\43acfbb509323f36b07057aadf65d750.png', '苹果手机维修店iphone6s7plus8X主板进水不开机指纹基带WiFi寄修', '292068', NULL, NULL, NULL, '99.00', '', '15.00', '5.00', NULL, NULL, 1, 1, NULL, NULL, 1, NULL, 1, 1, 1, NULL, NULL, '0.00', NULL, NULL, NULL, NULL, NULL, 2, 1553435124, 0, NULL, 1553348724, 1553348724),
(12903, 10, 12, '邸力通生活服务', 68, 119, '/uploads/20190323\\43acfbb509323f36b07057aadf65d750.png', '苹果手机维修店iphone6s7plus8X主板进水不开机指纹基带WiFi寄修', '997967', NULL, NULL, NULL, '99.00', '', '15.00', '5.00', NULL, NULL, 1, 1, NULL, NULL, 1, NULL, 1, 1, 1, NULL, NULL, '0.00', NULL, NULL, NULL, NULL, NULL, 2, 1553435124, 0, NULL, 1553348724, 1553348724),
(12904, 10, 12, '邸力通生活服务', 68, 119, '/uploads/20190323\\43acfbb509323f36b07057aadf65d750.png', '苹果手机维修店iphone6s7plus8X主板进水不开机指纹基带WiFi寄修', '133151', NULL, NULL, NULL, '99.00', '', '15.00', '5.00', NULL, NULL, 1, 1, NULL, NULL, 1, NULL, 1, 1, 1, NULL, NULL, '0.00', NULL, NULL, NULL, NULL, NULL, 2, 1553435124, 0, NULL, 1553348724, 1553348724),
(12905, 10, 12, '邸力通生活服务', 68, 119, '/uploads/20190323\\43acfbb509323f36b07057aadf65d750.png', '苹果手机维修店iphone6s7plus8X主板进水不开机指纹基带WiFi寄修', '916613', NULL, NULL, NULL, '99.00', '', '15.00', '5.00', NULL, NULL, 1, 1, NULL, NULL, 1, NULL, 1, 1, 1, NULL, NULL, '0.00', NULL, NULL, NULL, NULL, NULL, 2, 1553435124, 0, NULL, 1553348724, 1553348724),
(12906, 10, 12, '邸力通生活服务', 68, 119, '/uploads/20190323\\43acfbb509323f36b07057aadf65d750.png', '苹果手机维修店iphone6s7plus8X主板进水不开机指纹基带WiFi寄修', '293716', NULL, NULL, NULL, '99.00', '', '15.00', '5.00', NULL, NULL, 1, 1, NULL, NULL, 1, NULL, 1, 1, 1, NULL, NULL, '0.00', NULL, NULL, NULL, NULL, NULL, 2, 1553435124, 0, NULL, 1553348724, 1553348724),
(12907, 10, 12, '邸力通生活服务', 68, 120, '/uploads/20190323\\43acfbb509323f36b07057aadf65d750.png', '苹果手机维修店iphone6s7plus8X主板进水不开机指纹基带WiFi寄修', '783843', NULL, NULL, NULL, '99.00', '', '15.00', '5.00', NULL, NULL, 1, 1, NULL, NULL, 1, NULL, 1, 1, 1, NULL, NULL, '0.00', NULL, NULL, NULL, NULL, NULL, 2, 1553435124, 0, NULL, 1553348724, 1553348724),
(12908, 10, 12, '邸力通生活服务', 68, 120, '/uploads/20190323\\43acfbb509323f36b07057aadf65d750.png', '苹果手机维修店iphone6s7plus8X主板进水不开机指纹基带WiFi寄修', '474935', NULL, NULL, NULL, '99.00', '', '15.00', '5.00', NULL, NULL, 1, 1, NULL, NULL, 1, NULL, 1, 1, 1, NULL, NULL, '0.00', NULL, NULL, NULL, NULL, NULL, 2, 1553435124, 0, NULL, 1553348724, 1553348724),
(12909, 10, 12, '邸力通生活服务', 68, 120, '/uploads/20190323\\43acfbb509323f36b07057aadf65d750.png', '苹果手机维修店iphone6s7plus8X主板进水不开机指纹基带WiFi寄修', '427392', NULL, NULL, NULL, '99.00', '', '15.00', '5.00', NULL, NULL, 1, 1, NULL, NULL, 1, NULL, 1, 1, 1, NULL, NULL, '0.00', NULL, NULL, NULL, NULL, NULL, 2, 1553435124, 0, NULL, 1553348724, 1553348724),
(12910, 10, 12, '邸力通生活服务', 68, 120, '/uploads/20190323\\43acfbb509323f36b07057aadf65d750.png', '苹果手机维修店iphone6s7plus8X主板进水不开机指纹基带WiFi寄修', '799856', NULL, NULL, NULL, '99.00', '', '15.00', '5.00', NULL, NULL, 1, 1, NULL, NULL, 1, NULL, 1, 1, 1, NULL, NULL, '0.00', NULL, NULL, NULL, NULL, NULL, 2, 1553435124, 0, NULL, 1553348724, 1553348724),
(12911, 10, 12, '邸力通生活服务', 68, 120, '/uploads/20190323\\43acfbb509323f36b07057aadf65d750.png', '苹果手机维修店iphone6s7plus8X主板进水不开机指纹基带WiFi寄修', '659368', NULL, NULL, NULL, '99.00', '', '15.00', '5.00', NULL, NULL, 1, 1, NULL, NULL, 1, NULL, 1, 1, 1, NULL, NULL, '0.00', NULL, NULL, NULL, NULL, NULL, 2, 1553435124, 0, NULL, 1553348724, 1553348724),
(12912, 10, 12, '邸力通生活服务', 68, 120, '/uploads/20190323\\43acfbb509323f36b07057aadf65d750.png', '苹果手机维修店iphone6s7plus8X主板进水不开机指纹基带WiFi寄修', '688400', NULL, NULL, NULL, '99.00', '', '15.00', '5.00', NULL, NULL, 1, 1, NULL, NULL, 1, NULL, 1, 1, 1, NULL, NULL, '0.00', NULL, NULL, NULL, NULL, NULL, 2, 1553435124, 0, NULL, 1553348724, 1553348724),
(12913, 10, 12, '邸力通生活服务', 68, 121, '/uploads/20190323\\43acfbb509323f36b07057aadf65d750.png', '苹果手机维修店iphone6s7plus8X主板进水不开机指纹基带WiFi寄修', '351257', NULL, NULL, NULL, '99.00', '', '15.00', '5.00', NULL, NULL, 1, 1, NULL, NULL, 1, NULL, 1, 1, 1, NULL, NULL, '0.00', NULL, NULL, NULL, NULL, NULL, 2, 1553435124, 0, NULL, 1553348724, 1553348724),
(12914, 10, 12, '邸力通生活服务', 68, 121, '/uploads/20190323\\43acfbb509323f36b07057aadf65d750.png', '苹果手机维修店iphone6s7plus8X主板进水不开机指纹基带WiFi寄修', '432363', NULL, NULL, NULL, '99.00', '', '15.00', '5.00', NULL, NULL, 1, 1, NULL, NULL, 1, NULL, 1, 1, 1, NULL, NULL, '0.00', NULL, NULL, NULL, NULL, NULL, 2, 1553435124, 0, NULL, 1553348724, 1553348724),
(12915, 10, 12, '邸力通生活服务', 68, 121, '/uploads/20190323\\43acfbb509323f36b07057aadf65d750.png', '苹果手机维修店iphone6s7plus8X主板进水不开机指纹基带WiFi寄修', '708917', NULL, NULL, NULL, '99.00', '', '15.00', '5.00', NULL, NULL, 1, 1, NULL, NULL, 1, NULL, 1, 1, 1, NULL, NULL, '0.00', NULL, NULL, NULL, NULL, NULL, 2, 1553435124, 0, NULL, 1553348724, 1553348724),
(12916, 10, 12, '邸力通生活服务', 68, 121, '/uploads/20190323\\43acfbb509323f36b07057aadf65d750.png', '苹果手机维修店iphone6s7plus8X主板进水不开机指纹基带WiFi寄修', '970419', NULL, NULL, NULL, '99.00', '', '15.00', '5.00', NULL, NULL, 1, 1, NULL, NULL, 1, NULL, 1, 1, 1, NULL, NULL, '0.00', NULL, NULL, NULL, NULL, NULL, 2, 1553435124, 0, NULL, 1553348724, 1553348724),
(12917, 10, 12, '邸力通生活服务', 68, 121, '/uploads/20190323\\43acfbb509323f36b07057aadf65d750.png', '苹果手机维修店iphone6s7plus8X主板进水不开机指纹基带WiFi寄修', '547583', NULL, NULL, NULL, '99.00', '', '15.00', '5.00', NULL, NULL, 1, 1, NULL, NULL, 1, NULL, 1, 1, 1, NULL, NULL, '0.00', NULL, NULL, NULL, NULL, NULL, 2, 1553435124, 0, NULL, 1553348724, 1553348724),
(12918, 10, 12, '邸力通生活服务', 68, 122, '/uploads/20190323\\43acfbb509323f36b07057aadf65d750.png', '苹果手机维修店iphone6s7plus8X主板进水不开机指纹基带WiFi寄修', '963113', NULL, NULL, NULL, '99.00', '', '15.00', '5.00', NULL, NULL, 1, 1, NULL, NULL, 1, NULL, 1, 1, 1, NULL, NULL, '0.00', NULL, NULL, NULL, NULL, NULL, 2, 1553435124, 0, NULL, 1553348724, 1553348724),
(12919, 10, 12, '邸力通生活服务', 68, 122, '/uploads/20190323\\43acfbb509323f36b07057aadf65d750.png', '苹果手机维修店iphone6s7plus8X主板进水不开机指纹基带WiFi寄修', '566864', NULL, NULL, NULL, '99.00', '', '15.00', '5.00', NULL, NULL, 1, 1, NULL, NULL, 1, NULL, 1, 1, 1, NULL, NULL, '0.00', NULL, NULL, NULL, NULL, NULL, 2, 1553435124, 0, NULL, 1553348724, 1553348724),
(12920, 10, 12, '邸力通生活服务', 68, 122, '/uploads/20190323\\43acfbb509323f36b07057aadf65d750.png', '苹果手机维修店iphone6s7plus8X主板进水不开机指纹基带WiFi寄修', '167868', NULL, NULL, NULL, '99.00', '', '15.00', '5.00', NULL, NULL, 1, 1, NULL, NULL, 1, NULL, 1, 1, 1, NULL, NULL, '0.00', NULL, NULL, NULL, NULL, NULL, 2, 1553435124, 0, NULL, 1553348724, 1553348724),
(12921, 10, 12, '邸力通生活服务', 68, 122, '/uploads/20190323\\43acfbb509323f36b07057aadf65d750.png', '苹果手机维修店iphone6s7plus8X主板进水不开机指纹基带WiFi寄修', '425744', NULL, NULL, NULL, '99.00', '', '15.00', '5.00', NULL, NULL, 1, 1, NULL, NULL, 1, NULL, 1, 1, 1, NULL, NULL, '0.00', NULL, NULL, NULL, NULL, NULL, 2, 1553435124, 0, NULL, 1553348724, 1553348724),
(12922, 10, 12, '邸力通生活服务', 68, 122, '/uploads/20190323\\43acfbb509323f36b07057aadf65d750.png', '苹果手机维修店iphone6s7plus8X主板进水不开机指纹基带WiFi寄修', '113980', NULL, NULL, NULL, '99.00', '', '15.00', '5.00', NULL, NULL, 1, 1, NULL, NULL, 1, NULL, 1, 1, 1, NULL, NULL, '0.00', NULL, NULL, NULL, NULL, NULL, 2, 1553435124, 0, NULL, 1553348724, 1553348724),
(12923, 10, 12, '邸力通生活服务', 68, 123, '/uploads/20190323\\43acfbb509323f36b07057aadf65d750.png', '苹果手机维修店iphone6s7plus8X主板进水不开机指纹基带WiFi寄修', '317584', NULL, NULL, NULL, '99.00', '', '15.00', '5.00', NULL, NULL, 1, 1, NULL, NULL, 1, NULL, 1, 1, 1, NULL, NULL, '0.00', NULL, NULL, NULL, NULL, NULL, 2, 1553435124, 0, NULL, 1553348724, 1553348724),
(12924, 10, 12, '邸力通生活服务', 68, 123, '/uploads/20190323\\43acfbb509323f36b07057aadf65d750.png', '苹果手机维修店iphone6s7plus8X主板进水不开机指纹基带WiFi寄修', '277621', NULL, NULL, NULL, '99.00', '', '15.00', '5.00', NULL, NULL, 1, 1, NULL, NULL, 1, NULL, 1, 1, 1, NULL, NULL, '0.00', NULL, NULL, NULL, NULL, NULL, 2, 1553435124, 0, NULL, 1553348724, 1553348724),
(12925, 10, 12, '邸力通生活服务', 68, 123, '/uploads/20190323\\43acfbb509323f36b07057aadf65d750.png', '苹果手机维修店iphone6s7plus8X主板进水不开机指纹基带WiFi寄修', '745117', NULL, NULL, NULL, '99.00', '', '15.00', '5.00', NULL, 1553394173, 2, 1, 3, NULL, 1, '申请下架', 1, 1, 1, NULL, NULL, '0.00', NULL, NULL, NULL, NULL, NULL, 2, 1553435124, 0, NULL, 1553348724, 1553394069),
(12926, 10, 12, '邸力通生活服务', 68, 124, '/uploads/20190323\\43acfbb509323f36b07057aadf65d750.png', '苹果手机维修店iphone6s7plus8X主板进水不开机指纹基带WiFi寄修', '556838', NULL, NULL, NULL, '99.00', '', '15.00', '5.00', NULL, 1553394173, 2, 1, 3, NULL, 1, '申请下架', 1, 1, 1, NULL, NULL, '0.00', NULL, NULL, NULL, NULL, NULL, 2, 1553435124, 0, NULL, 1553348724, 1553394069),
(12927, 10, 12, '邸力通生活服务', 68, 124, '/uploads/20190323\\43acfbb509323f36b07057aadf65d750.png', '苹果手机维修店iphone6s7plus8X主板进水不开机指纹基带WiFi寄修', '495452', NULL, NULL, NULL, '99.00', '', '15.00', '5.00', NULL, 1553394173, 2, 1, 3, NULL, 1, '申请下架', 1, 1, 1, NULL, NULL, '0.00', NULL, NULL, NULL, NULL, NULL, 2, 1553435124, 0, NULL, 1553348724, 1553394069),
(12928, 10, 12, '邸力通生活服务', 68, 124, '/uploads/20190323\\43acfbb509323f36b07057aadf65d750.png', '苹果手机维修店iphone6s7plus8X主板进水不开机指纹基带WiFi寄修', '146554', NULL, NULL, NULL, '99.00', '', '15.00', '5.00', NULL, 1553394173, 2, 1, 3, NULL, 1, '申请下架', 1, 1, 1, NULL, NULL, '0.00', NULL, NULL, NULL, NULL, NULL, 2, 1553435124, 0, NULL, 1553348724, 1553394069),
(12929, 10, 12, '邸力通生活服务', 68, 125, '/uploads/20190323\\43acfbb509323f36b07057aadf65d750.png', '苹果手机维修店iphone6s7plus8X主板进水不开机指纹基带WiFi寄修', '915075', NULL, NULL, NULL, '99.00', '', '15.00', '5.00', NULL, 1553394173, 2, 1, 3, NULL, 1, '申请下架', 1, 1, 1, NULL, NULL, '0.00', NULL, NULL, NULL, NULL, NULL, 2, 1553435124, 0, NULL, 1553348724, 1553394069),
(12930, 10, 12, '邸力通生活服务', 68, 125, '/uploads/20190323\\43acfbb509323f36b07057aadf65d750.png', '苹果手机维修店iphone6s7plus8X主板进水不开机指纹基带WiFi寄修', '913565', NULL, NULL, NULL, '99.00', '', '15.00', '5.00', NULL, 1553394173, 2, 1, 3, NULL, 1, '申请下架', 1, 1, 1, NULL, NULL, '0.00', NULL, NULL, NULL, NULL, NULL, 2, 1553435124, 0, NULL, 1553348724, 1553394069),
(12931, 10, 12, '邸力通生活服务', 68, 125, '/uploads/20190323\\43acfbb509323f36b07057aadf65d750.png', '苹果手机维修店iphone6s7plus8X主板进水不开机指纹基带WiFi寄修', '284844', NULL, NULL, NULL, '99.00', '', '15.00', '5.00', NULL, 1553394173, 2, 1, 3, NULL, 1, '申请下架', 1, 1, 1, NULL, NULL, '0.00', NULL, NULL, NULL, NULL, NULL, 2, 1553435124, 0, NULL, 1553348724, 1553394069),
(12932, 10, 12, '邸力通生活服务', 68, 125, '/uploads/20190323\\43acfbb509323f36b07057aadf65d750.png', '苹果手机维修店iphone6s7plus8X主板进水不开机指纹基带WiFi寄修', '871542', NULL, NULL, NULL, '99.00', '', '15.00', '5.00', NULL, 1553394173, 2, 1, 3, NULL, 1, '申请下架', 1, 1, 1, NULL, NULL, '0.00', NULL, NULL, NULL, NULL, NULL, 2, 1553435124, 0, NULL, 1553348724, 1553394069),
(12933, 10, 12, '邸力通生活服务', 68, 126, '/uploads/20190323\\43acfbb509323f36b07057aadf65d750.png', '苹果手机维修店iphone6s7plus8X主板进水不开机指纹基带WiFi寄修', '794995', NULL, NULL, NULL, '99.00', '', '15.00', '5.00', NULL, 1553394173, 2, 1, 3, NULL, 1, '申请下架', 1, 1, 1, NULL, NULL, '0.00', NULL, NULL, NULL, NULL, NULL, 2, 1553435124, 0, NULL, 1553348724, 1553394069),
(12934, 10, 12, '邸力通生活服务', 68, 126, '/uploads/20190323\\43acfbb509323f36b07057aadf65d750.png', '苹果手机维修店iphone6s7plus8X主板进水不开机指纹基带WiFi寄修', '256033', NULL, NULL, NULL, '99.00', '', '15.00', '5.00', NULL, 1553394173, 2, 1, 3, NULL, 1, '申请下架', 1, 1, 1, NULL, NULL, '0.00', NULL, NULL, NULL, NULL, NULL, 2, 1553435124, 0, NULL, 1553348724, 1553394069),
(12935, 11, 13, '店铺1', 69, 127, '/uploads/20190403\\4552c24d4e6beee924ebcfadb9e151c7.png', '男士外套', '585595', NULL, NULL, NULL, '100.00', '', '16.00', '5.00', NULL, NULL, 1, 1, NULL, NULL, 1, NULL, 1, 1, 1, NULL, NULL, '0.00', NULL, NULL, NULL, NULL, NULL, 1, 1554261685, 0, 1554283485, 1554261685, 1554283485),
(12936, 11, 13, '店铺1', 69, 127, '/uploads/20190403\\4552c24d4e6beee924ebcfadb9e151c7.png', '男士外套', '943997', NULL, NULL, NULL, '100.00', '', '16.00', '5.00', NULL, NULL, 1, 1, NULL, NULL, 1, NULL, 1, 1, 1, NULL, NULL, '0.00', NULL, NULL, NULL, NULL, NULL, 1, 1554261685, 0, NULL, 1554261685, 1554261685),
(12937, 11, 13, '店铺1', 70, 128, '/uploads/20190403\\524536f5be54bc6a99c4337fc1a7e0ec.png', '女装外套', '248260', NULL, NULL, NULL, '200.00', '', '18.00', '5.00', NULL, 1554607535, 2, 1, 3, NULL, 1, '申请下架', 1, 1, 1, NULL, NULL, '0.00', NULL, NULL, NULL, NULL, NULL, 1, 1554263316, 0, NULL, 1554263316, 1554281491),
(12938, 11, 13, '店铺1', 70, 128, '/uploads/20190403\\524536f5be54bc6a99c4337fc1a7e0ec.png', '女装外套', '765084', NULL, NULL, NULL, '200.00', '', '18.00', '5.00', NULL, 1554282648, 1, 1, 0, NULL, 1, '', 1, 1, 1, NULL, NULL, '0.00', NULL, NULL, NULL, NULL, NULL, 1, 1554263316, 0, NULL, 1554263316, 1554281491),
(12939, 11, 13, '店铺1', 70, 128, '/uploads/20190403\\524536f5be54bc6a99c4337fc1a7e0ec.png', '女装外套', '947375', NULL, NULL, NULL, '200.00', '', '18.00', '5.00', NULL, 1554282643, 1, 1, 0, NULL, 1, '', 1, 1, 1, NULL, NULL, '0.00', NULL, NULL, NULL, NULL, NULL, 1, 1554263316, 0, NULL, 1554263316, 1554281491),
(12940, 11, 13, '店铺1', 71, 129, '/uploads/20190403\\ee1e81b5e2736d2c5d5eba7b6e6981b0.png', '化妆品', '608529', NULL, NULL, NULL, '200.00', '', '18.00', '5.00', NULL, NULL, 1, 1, NULL, NULL, 1, NULL, 1, 1, 1, NULL, NULL, '0.00', NULL, NULL, NULL, NULL, NULL, 1, 1554287548, 0, NULL, 1554287548, 1554287548),
(12941, 11, 13, '店铺1', 71, 129, '/uploads/20190403\\ee1e81b5e2736d2c5d5eba7b6e6981b0.png', '化妆品', '589111', NULL, NULL, NULL, '200.00', '', '18.00', '5.00', NULL, NULL, 1, 1, NULL, NULL, 1, NULL, 1, 1, 1, NULL, NULL, '0.00', NULL, NULL, NULL, NULL, NULL, 1, 1554287548, 0, NULL, 1554287548, 1554287548),
(12942, 11, 13, '店铺1', 71, 130, '/uploads/20190403\\ee1e81b5e2736d2c5d5eba7b6e6981b0.png', '化妆品', '427200', NULL, NULL, NULL, '300.00', '', '25.00', '5.00', NULL, NULL, 1, 1, NULL, NULL, 1, NULL, 1, 1, 1, NULL, NULL, '0.00', NULL, NULL, NULL, NULL, NULL, 1, 1554287548, 14, 1554290635, 1554287548, 1554287548),
(12943, 11, 13, '店铺1', 71, 130, '/uploads/20190403\\ee1e81b5e2736d2c5d5eba7b6e6981b0.png', '化妆品', '539837', NULL, NULL, NULL, '300.00', '', '25.00', '5.00', NULL, NULL, 1, 1, NULL, NULL, 1, NULL, 1, 1, 1, NULL, NULL, '0.00', NULL, NULL, NULL, NULL, NULL, 1, 1554287548, 15, 1554288689, 1554287548, 1554287548),
(12944, 11, 13, '店铺1', 72, 131, '/uploads/20190403\\574a04692ce27bcd5e6ea64263b02db4.gif', '111111111111111111111111', '534646', NULL, NULL, NULL, '11.00', '', '16.00', '5.00', NULL, NULL, 1, 1, NULL, NULL, 1, NULL, 1, 1, 1, NULL, NULL, '0.00', NULL, NULL, NULL, NULL, NULL, 1, 1554290290, 0, NULL, 1554290290, 1554290290),
(12945, 11, 13, '店铺1', 72, 131, '/uploads/20190403\\574a04692ce27bcd5e6ea64263b02db4.gif', '111111111111111111111111', '438983', NULL, NULL, NULL, '11.00', '', '16.00', '5.00', NULL, NULL, 1, 1, NULL, NULL, 1, NULL, 1, 1, 1, NULL, NULL, '0.00', NULL, NULL, NULL, NULL, NULL, 1, 1554290290, 0, NULL, 1554290290, 1554290290),
(12946, 11, 13, '店铺1', 72, 131, '/uploads/20190403\\574a04692ce27bcd5e6ea64263b02db4.gif', '111111111111111111111111', '403854', NULL, NULL, NULL, '11.00', '', '16.00', '5.00', NULL, NULL, 1, 1, NULL, NULL, 1, NULL, 1, 1, 1, NULL, NULL, '0.00', NULL, NULL, NULL, NULL, NULL, 1, 1554290290, 0, NULL, 1554290290, 1554290290),
(12947, 11, 13, '店铺1', 72, 131, '/uploads/20190403\\574a04692ce27bcd5e6ea64263b02db4.gif', '111111111111111111111111', '723254', NULL, NULL, NULL, '11.00', '', '16.00', '5.00', NULL, NULL, 1, 1, NULL, NULL, 1, NULL, 1, 1, 1, NULL, NULL, '0.00', NULL, NULL, NULL, NULL, NULL, 1, 1554290290, 0, NULL, 1554290290, 1554290290),
(12948, 11, 13, '店铺1', 72, 131, '/uploads/20190403\\574a04692ce27bcd5e6ea64263b02db4.gif', '111111111111111111111111', '817544', NULL, NULL, NULL, '11.00', '', '16.00', '5.00', NULL, NULL, 1, 1, NULL, NULL, 1, NULL, 1, 1, 1, NULL, NULL, '0.00', NULL, NULL, NULL, NULL, NULL, 1, 1554290290, 0, NULL, 1554290290, 1554290290),
(12949, 11, 13, '店铺1', 72, 131, '/uploads/20190403\\574a04692ce27bcd5e6ea64263b02db4.gif', '111111111111111111111111', '281109', NULL, NULL, NULL, '11.00', '', '16.00', '5.00', NULL, NULL, 1, 1, NULL, NULL, 1, NULL, 1, 1, 1, NULL, NULL, '0.00', NULL, NULL, NULL, NULL, NULL, 1, 1554290290, 0, NULL, 1554290290, 1554290290),
(12950, 11, 13, '店铺1', 72, 131, '/uploads/20190403\\574a04692ce27bcd5e6ea64263b02db4.gif', '111111111111111111111111', '576889', NULL, NULL, NULL, '11.00', '', '16.00', '5.00', NULL, NULL, 1, 1, NULL, NULL, 1, NULL, 1, 1, 1, NULL, NULL, '0.00', NULL, NULL, NULL, NULL, NULL, 1, 1554290290, 0, NULL, 1554290290, 1554290290),
(12951, 11, 13, '店铺1', 72, 131, '/uploads/20190403\\574a04692ce27bcd5e6ea64263b02db4.gif', '111111111111111111111111', '740283', NULL, NULL, NULL, '11.00', '', '16.00', '5.00', NULL, NULL, 1, 1, NULL, NULL, 1, NULL, 1, 1, 1, NULL, NULL, '0.00', NULL, NULL, NULL, NULL, NULL, 1, 1554290290, 0, NULL, 1554290290, 1554290290),
(12952, 11, 13, '店铺1', 72, 131, '/uploads/20190403\\574a04692ce27bcd5e6ea64263b02db4.gif', '111111111111111111111111', '704934', NULL, NULL, NULL, '11.00', '', '16.00', '5.00', NULL, NULL, 1, 1, NULL, NULL, 1, NULL, 1, 1, 1, NULL, NULL, '0.00', NULL, NULL, NULL, NULL, NULL, 1, 1554290290, 0, NULL, 1554290290, 1554290290),
(12953, 11, 13, '店铺1', 72, 131, '/uploads/20190403\\574a04692ce27bcd5e6ea64263b02db4.gif', '111111111111111111111111', '212884', NULL, NULL, NULL, '11.00', '', '16.00', '5.00', NULL, NULL, 1, 1, NULL, NULL, 1, NULL, 1, 1, 1, NULL, NULL, '0.00', NULL, NULL, NULL, NULL, NULL, 1, 1554290290, 0, NULL, 1554290290, 1554290290),
(12954, 11, 13, '店铺1', 72, 131, '/uploads/20190403\\574a04692ce27bcd5e6ea64263b02db4.gif', '111111111111111111111111', '621603', NULL, NULL, NULL, '11.00', '', '16.00', '5.00', NULL, NULL, 1, 1, NULL, NULL, 1, NULL, 1, 1, 1, NULL, NULL, '0.00', NULL, NULL, NULL, NULL, NULL, 1, 1554290290, 0, NULL, 1554290290, 1554290290),
(12955, 11, 13, '店铺1', 73, 132, '/uploads/20190404\\a859a3615325642b37be2e49ef31b32c.png', '测试商品1', '590621', NULL, NULL, NULL, '100.00', '', '16.00', '5.00', NULL, 1554607535, 2, 1, 3, NULL, 1, '申请下架', 1, 1, 1, NULL, NULL, '0.00', NULL, NULL, NULL, NULL, NULL, 1, 1554339517, 0, NULL, 1554339517, 1554377737),
(12956, 11, 13, '店铺1', 73, 133, '/uploads/20190404\\a859a3615325642b37be2e49ef31b32c.png', '测试商品1', '155920', NULL, NULL, NULL, '200.00', '', '18.00', '5.00', NULL, 1554599642, 2, 1, 3, NULL, 1, '申请下架', 1, 1, 1, NULL, NULL, '0.00', NULL, NULL, NULL, NULL, NULL, 1, 1554339517, 0, NULL, 1554339517, 1554377737),
(12957, 11, 13, '店铺1', 74, 134, '/uploads/20190404\\2da454e34f50648a3ade97abf5298568.png', '测试商品2', '381057', NULL, NULL, NULL, '300.00', '', '25.00', '5.00', NULL, NULL, 1, 1, NULL, NULL, 1, NULL, 1, 1, 1, NULL, NULL, '0.00', NULL, NULL, NULL, NULL, NULL, 1, 1554344304, 0, NULL, 1554344304, 1554344304),
(12958, 11, 13, '店铺1', 74, 134, '/uploads/20190404\\2da454e34f50648a3ade97abf5298568.png', '测试商品2', '235296', NULL, NULL, NULL, '300.00', '', '25.00', '5.00', NULL, NULL, 1, 1, NULL, NULL, 1, NULL, 1, 1, 1, NULL, NULL, '0.00', NULL, NULL, NULL, NULL, NULL, 1, 1554344304, 0, NULL, 1554344304, 1554344304),
(12959, 11, 13, '店铺1', 75, 135, '/uploads/20190407\\075f8256ce582a97860d6f2e8b718f50.png', '测试商品5', '402343', NULL, NULL, NULL, '200.00', '', '18.00', '5.00', NULL, NULL, 2, 1, 3, NULL, 1, '系统下架', 1, 1, 1, NULL, NULL, '0.00', NULL, NULL, NULL, NULL, NULL, 1, 1554598191, 0, NULL, 1554598191, 1554598191),
(12960, 11, 13, '店铺1', 76, 136, '/uploads/20190407\\075f8256ce582a97860d6f2e8b718f50.png', '测试商品5', '465487', NULL, NULL, NULL, '200.00', '', '18.00', '5.00', NULL, NULL, 2, 1, 3, NULL, 1, '系统下架', 1, 1, 1, NULL, NULL, '0.00', NULL, NULL, NULL, NULL, NULL, 1, 1554598192, 0, NULL, 1554598192, 1554598192),
(12961, 11, 13, '店铺1', 77, 137, '/uploads/20190407\\4e0b953f764a31d56e8fdc96ccc13e3e.png', '男士袜子', '994534', NULL, NULL, NULL, '20.00', '', '16.00', '5.00', NULL, NULL, 2, 1, 3, NULL, 1, '系统下架', 1, 1, 1, NULL, NULL, '0.00', NULL, NULL, NULL, NULL, NULL, 1, 1554603948, 0, NULL, 1554603948, 1554603948),
(12962, 11, 13, '店铺1', 77, 137, '/uploads/20190407\\4e0b953f764a31d56e8fdc96ccc13e3e.png', '男士袜子', '504241', NULL, NULL, NULL, '20.00', '', '16.00', '5.00', NULL, NULL, 2, 1, 3, NULL, 1, '系统下架', 1, 1, 1, NULL, NULL, '0.00', NULL, NULL, NULL, NULL, NULL, 1, 1554603948, 0, NULL, 1554603948, 1554603948),
(12963, 11, 13, '店铺1', 78, 138, '/uploads/20190407\\f85a7cb8014d2d18dc9dc0004df4e879.png', '包包', '635034', NULL, NULL, NULL, '10.00', '', '16.00', '5.00', NULL, NULL, 2, 1, 3, NULL, 1, '系统下架', 1, 1, 1, NULL, NULL, '0.00', NULL, NULL, NULL, NULL, NULL, 1, 1554605758, 0, NULL, 1554605758, 1554605758),
(12964, 11, 13, '店铺1', 78, 138, '/uploads/20190407\\f85a7cb8014d2d18dc9dc0004df4e879.png', '包包', '820291', NULL, NULL, NULL, '10.00', '', '16.00', '5.00', NULL, NULL, 2, 1, 3, NULL, 1, '系统下架', 1, 1, 1, NULL, NULL, '0.00', NULL, NULL, NULL, NULL, NULL, 1, 1554605758, 0, NULL, 1554605758, 1554605758),
(12965, 11, 13, '店铺1', 79, 139, '/uploads/20190407\\0492440375388f01f52527c16f4e5240.png', '玩具', '524237', NULL, NULL, NULL, '10.00', '', '16.00', '5.00', NULL, NULL, 2, 1, 3, NULL, 1, '系统下架', 1, 1, 1, NULL, NULL, '0.00', NULL, NULL, NULL, NULL, NULL, 1, 1554607398, 0, NULL, 1554607398, 1554607398),
(12966, 11, 13, '店铺1', 79, 139, '/uploads/20190407\\0492440375388f01f52527c16f4e5240.png', '玩具', '246530', NULL, NULL, NULL, '10.00', '', '16.00', '5.00', NULL, NULL, 2, 1, 3, NULL, 1, '系统下架', 1, 1, 1, NULL, NULL, '0.00', NULL, NULL, NULL, NULL, NULL, 1, 1554607398, 0, NULL, 1554607398, 1554607398),
(12967, 11, 13, '店铺1', 79, 139, '/uploads/20190407\\0492440375388f01f52527c16f4e5240.png', '玩具', '224914', NULL, NULL, NULL, '10.00', '', '16.00', '5.00', NULL, NULL, 2, 1, 3, NULL, 1, '系统下架', 1, 1, 1, NULL, NULL, '0.00', NULL, NULL, NULL, NULL, NULL, 1, 1554607398, 0, NULL, 1554607398, 1554607398),
(12968, 11, 13, '店铺1', 79, 139, '/uploads/20190407\\0492440375388f01f52527c16f4e5240.png', '玩具', '948501', NULL, NULL, NULL, '10.00', '', '16.00', '5.00', NULL, NULL, 2, 1, 3, NULL, 1, '系统下架', 1, 1, 1, NULL, NULL, '0.00', NULL, NULL, NULL, NULL, NULL, 1, 1554607398, 0, NULL, 1554607398, 1554607398),
(12969, 11, 13, '店铺1', 79, 139, '/uploads/20190407\\0492440375388f01f52527c16f4e5240.png', '玩具', '605426', NULL, NULL, NULL, '10.00', '', '16.00', '5.00', NULL, NULL, 2, 1, 3, NULL, 1, '系统下架', 1, 1, 1, NULL, NULL, '0.00', NULL, NULL, NULL, NULL, NULL, 1, 1554607398, 0, NULL, 1554607398, 1554607398),
(12970, 11, 13, '店铺1', 79, 139, '/uploads/20190407\\0492440375388f01f52527c16f4e5240.png', '玩具', '377377', NULL, NULL, NULL, '10.00', '', '16.00', '5.00', NULL, NULL, 2, 1, 3, NULL, 1, '系统下架', 1, 1, 1, NULL, NULL, '0.00', NULL, NULL, NULL, NULL, NULL, 1, 1554607398, 0, NULL, 1554607398, 1554607398),
(12971, 11, 13, '店铺1', 79, 139, '/uploads/20190407\\0492440375388f01f52527c16f4e5240.png', '玩具', '143505', NULL, NULL, NULL, '10.00', '', '16.00', '5.00', NULL, NULL, 2, 1, 3, NULL, 1, '系统下架', 1, 1, 1, NULL, NULL, '0.00', NULL, NULL, NULL, NULL, NULL, 1, 1554607398, 0, NULL, 1554607398, 1554607398),
(12972, 11, 13, '店铺1', 79, 139, '/uploads/20190407\\0492440375388f01f52527c16f4e5240.png', '玩具', '906204', NULL, NULL, NULL, '10.00', '', '16.00', '5.00', NULL, NULL, 2, 1, 3, NULL, 1, '系统下架', 1, 1, 1, NULL, NULL, '0.00', NULL, NULL, NULL, NULL, NULL, 1, 1554607398, 0, NULL, 1554607398, 1554607398),
(12973, 11, 13, '店铺1', 79, 139, '/uploads/20190407\\0492440375388f01f52527c16f4e5240.png', '玩具', '101263', NULL, NULL, NULL, '10.00', '', '16.00', '5.00', NULL, NULL, 2, 1, 3, NULL, 1, '系统下架', 1, 1, 1, NULL, NULL, '0.00', NULL, NULL, NULL, NULL, NULL, 1, 1554607398, 0, NULL, 1554607398, 1554607398),
(12974, 11, 13, '店铺1', 79, 139, '/uploads/20190407\\0492440375388f01f52527c16f4e5240.png', '玩具', '604904', NULL, NULL, NULL, '10.00', '', '16.00', '5.00', NULL, NULL, 2, 1, 3, NULL, 1, '系统下架', 1, 1, 1, NULL, NULL, '0.00', NULL, NULL, NULL, NULL, NULL, 1, 1554607398, 0, NULL, 1554607398, 1554607398),
(12975, 11, 13, '店铺1', 80, 140, '/uploads/20190407\\94c09c81267027a7372b872ad2de099f.png', '111', '794418', NULL, NULL, NULL, '200.00', '', '18.00', '5.00', NULL, NULL, 1, 1, NULL, NULL, 1, NULL, 1, 1, 1, NULL, NULL, '0.00', NULL, NULL, NULL, NULL, NULL, 1, 1554609488, 0, NULL, 1554609488, 1554609488),
(12976, 11, 13, '店铺1', 80, 140, '/uploads/20190407\\94c09c81267027a7372b872ad2de099f.png', '111', '375976', NULL, NULL, NULL, '200.00', '', '18.00', '5.00', NULL, NULL, 1, 1, NULL, NULL, 1, NULL, 1, 1, 1, NULL, NULL, '0.00', NULL, NULL, NULL, NULL, NULL, 1, 1554609488, 0, NULL, 1554609488, 1554609488),
(12977, 11, 13, '店铺1', 80, 140, '/uploads/20190407\\94c09c81267027a7372b872ad2de099f.png', '111', '820510', NULL, NULL, NULL, '200.00', '', '18.00', '5.00', NULL, NULL, 1, 1, NULL, NULL, 1, NULL, 1, 1, 1, NULL, NULL, '0.00', NULL, NULL, NULL, NULL, NULL, 1, 1554609488, 0, NULL, 1554609488, 1554609488),
(12978, 11, 13, '店铺1', 80, 140, '/uploads/20190407\\94c09c81267027a7372b872ad2de099f.png', '111', '435687', NULL, NULL, NULL, '200.00', '', '18.00', '5.00', NULL, NULL, 1, 1, NULL, NULL, 1, NULL, 1, 1, 1, NULL, NULL, '0.00', NULL, NULL, NULL, NULL, NULL, 1, 1554609488, 0, NULL, 1554609488, 1554609488),
(12979, 11, 13, '店铺1', 80, 140, '/uploads/20190407\\94c09c81267027a7372b872ad2de099f.png', '111', '832101', NULL, NULL, NULL, '200.00', '', '18.00', '5.00', NULL, NULL, 1, 1, NULL, NULL, 1, NULL, 1, 1, 1, NULL, NULL, '0.00', NULL, NULL, NULL, NULL, NULL, 1, 1554609488, 0, NULL, 1554609488, 1554609488),
(12980, 11, 13, '店铺1', 80, 140, '/uploads/20190407\\94c09c81267027a7372b872ad2de099f.png', '111', '939685', NULL, NULL, NULL, '200.00', '', '18.00', '5.00', NULL, NULL, 1, 1, NULL, NULL, 1, NULL, 1, 1, 1, NULL, NULL, '0.00', NULL, NULL, NULL, NULL, NULL, 1, 1554609488, 0, NULL, 1554609488, 1554609488),
(12981, 11, 13, '店铺1', 80, 140, '/uploads/20190407\\94c09c81267027a7372b872ad2de099f.png', '111', '895986', NULL, NULL, NULL, '200.00', '', '18.00', '5.00', NULL, NULL, 1, 1, NULL, NULL, 1, NULL, 1, 1, 1, NULL, NULL, '0.00', NULL, NULL, NULL, NULL, NULL, 1, 1554609488, 0, NULL, 1554609488, 1554609488),
(12982, 11, 13, '店铺1', 80, 140, '/uploads/20190407\\94c09c81267027a7372b872ad2de099f.png', '111', '168829', NULL, NULL, NULL, '200.00', '', '18.00', '5.00', NULL, NULL, 1, 1, NULL, NULL, 1, NULL, 1, 1, 1, NULL, NULL, '0.00', NULL, NULL, NULL, NULL, NULL, 1, 1554609488, 0, NULL, 1554609488, 1554609488),
(12983, 11, 13, '店铺1', 80, 140, '/uploads/20190407\\94c09c81267027a7372b872ad2de099f.png', '111', '825839', NULL, NULL, NULL, '200.00', '', '18.00', '5.00', NULL, NULL, 1, 1, NULL, NULL, 1, NULL, 1, 1, 1, NULL, NULL, '0.00', NULL, NULL, NULL, NULL, NULL, 1, 1554609488, 0, NULL, 1554609488, 1554609488),
(12984, 11, 13, '店铺1', 80, 140, '/uploads/20190407\\94c09c81267027a7372b872ad2de099f.png', '111', '313354', NULL, NULL, NULL, '200.00', '', '18.00', '5.00', NULL, NULL, 1, 1, NULL, NULL, 1, NULL, 1, 1, 1, NULL, NULL, '0.00', NULL, NULL, NULL, NULL, NULL, 1, 1554609488, 0, NULL, 1554609488, 1554609488),
(12985, 11, 13, '店铺1', 81, 141, '/uploads/20190407\\94c09c81267027a7372b872ad2de099f.png', '111', '204562', NULL, NULL, NULL, '200.00', '', '18.00', '5.00', NULL, NULL, 1, 1, NULL, NULL, 1, NULL, 1, 1, 1, NULL, NULL, '0.00', NULL, NULL, NULL, NULL, NULL, 1, 1554609488, 0, NULL, 1554609488, 1554609488),
(12986, 11, 13, '店铺1', 81, 141, '/uploads/20190407\\94c09c81267027a7372b872ad2de099f.png', '111', '937927', NULL, NULL, NULL, '200.00', '', '18.00', '5.00', NULL, NULL, 1, 1, NULL, NULL, 1, NULL, 1, 1, 1, NULL, NULL, '0.00', NULL, NULL, NULL, NULL, NULL, 1, 1554609488, 0, NULL, 1554609488, 1554609488),
(12987, 11, 13, '店铺1', 81, 141, '/uploads/20190407\\94c09c81267027a7372b872ad2de099f.png', '111', '704385', NULL, NULL, NULL, '200.00', '', '18.00', '5.00', NULL, NULL, 1, 1, NULL, NULL, 1, NULL, 1, 1, 1, NULL, NULL, '0.00', NULL, NULL, NULL, NULL, NULL, 1, 1554609488, 0, NULL, 1554609488, 1554609488),
(12988, 11, 13, '店铺1', 81, 141, '/uploads/20190407\\94c09c81267027a7372b872ad2de099f.png', '111', '884259', NULL, NULL, NULL, '200.00', '', '18.00', '5.00', NULL, NULL, 1, 1, NULL, NULL, 1, NULL, 1, 1, 1, NULL, NULL, '0.00', NULL, NULL, NULL, NULL, NULL, 1, 1554609488, 0, NULL, 1554609488, 1554609488),
(12989, 11, 13, '店铺1', 81, 141, '/uploads/20190407\\94c09c81267027a7372b872ad2de099f.png', '111', '507675', NULL, NULL, NULL, '200.00', '', '18.00', '5.00', NULL, NULL, 1, 1, NULL, NULL, 1, NULL, 1, 1, 1, NULL, NULL, '0.00', NULL, NULL, NULL, NULL, NULL, 1, 1554609488, 0, NULL, 1554609488, 1554609488),
(12990, 11, 13, '店铺1', 81, 141, '/uploads/20190407\\94c09c81267027a7372b872ad2de099f.png', '111', '733471', NULL, NULL, NULL, '200.00', '', '18.00', '5.00', NULL, NULL, 1, 1, NULL, NULL, 1, NULL, 1, 1, 1, NULL, NULL, '0.00', NULL, NULL, NULL, NULL, NULL, 1, 1554609488, 0, NULL, 1554609488, 1554609488),
(12991, 11, 13, '店铺1', 81, 141, '/uploads/20190407\\94c09c81267027a7372b872ad2de099f.png', '111', '749978', NULL, NULL, NULL, '200.00', '', '18.00', '5.00', NULL, NULL, 1, 1, NULL, NULL, 1, NULL, 1, 1, 1, NULL, NULL, '0.00', NULL, NULL, NULL, NULL, NULL, 1, 1554609488, 0, NULL, 1554609488, 1554609488),
(12992, 11, 13, '店铺1', 81, 141, '/uploads/20190407\\94c09c81267027a7372b872ad2de099f.png', '111', '960174', NULL, NULL, NULL, '200.00', '', '18.00', '5.00', NULL, NULL, 1, 1, NULL, NULL, 1, NULL, 1, 1, 1, NULL, NULL, '0.00', NULL, NULL, NULL, NULL, NULL, 1, 1554609488, 0, NULL, 1554609488, 1554609488),
(12993, 11, 13, '店铺1', 81, 141, '/uploads/20190407\\94c09c81267027a7372b872ad2de099f.png', '111', '963717', NULL, NULL, NULL, '200.00', '', '18.00', '5.00', NULL, NULL, 1, 1, NULL, NULL, 1, NULL, 1, 1, 1, NULL, NULL, '0.00', NULL, NULL, NULL, NULL, NULL, 1, 1554609488, 0, NULL, 1554609488, 1554609488),
(12994, 11, 13, '店铺1', 81, 141, '/uploads/20190407\\94c09c81267027a7372b872ad2de099f.png', '111', '998352', NULL, NULL, NULL, '200.00', '', '18.00', '5.00', NULL, NULL, 1, 1, NULL, NULL, 1, NULL, 1, 1, 1, NULL, NULL, '0.00', NULL, NULL, NULL, NULL, NULL, 1, 1554609488, 0, NULL, 1554609488, 1554609488),
(12995, 11, 13, '店铺1', 82, 142, '/uploads/20190407\\82ad1f59a69309840a4ea78edcce2191.png', '222', '264712', NULL, NULL, NULL, '100.00', '', '16.00', '5.00', NULL, NULL, 2, 1, 1, NULL, 1, '申请下架', 1, 1, 1, NULL, NULL, '0.00', NULL, NULL, NULL, NULL, NULL, 1, 1554620602, 0, NULL, 1554620602, 1554627035),
(12996, 11, 13, '店铺1', 83, 143, '/uploads/20190407\\82ad1f59a69309840a4ea78edcce2191.png', '222', '126065', NULL, NULL, NULL, '100.00', '', '16.00', '5.00', NULL, NULL, 1, 1, NULL, NULL, 1, NULL, 1, 1, 1, NULL, NULL, '0.00', NULL, NULL, NULL, NULL, NULL, 1, 1554620602, 0, NULL, 1554620602, 1554620602),
(12997, 11, 13, '店铺1', 84, 144, '/uploads/20190407\\94c09c81267027a7372b872ad2de099f.png', '111', '502346', NULL, NULL, NULL, '200.00', '', '18.00', '5.00', NULL, NULL, 1, 1, NULL, NULL, 1, NULL, 1, 1, 1, NULL, NULL, '0.00', NULL, NULL, NULL, NULL, NULL, 1, 1554771519, 0, NULL, 1554771519, 1554771519),
(12998, 11, 13, '店铺1', 84, 144, '/uploads/20190407\\94c09c81267027a7372b872ad2de099f.png', '111', '855804', NULL, NULL, NULL, '200.00', '', '18.00', '5.00', NULL, NULL, 1, 1, NULL, NULL, 1, NULL, 1, 1, 1, NULL, NULL, '0.00', NULL, NULL, NULL, NULL, NULL, 1, 1554771519, 0, NULL, 1554771519, 1554771519),
(12999, 11, 13, '店铺1', 84, 144, '/uploads/20190407\\94c09c81267027a7372b872ad2de099f.png', '111', '724874', NULL, NULL, NULL, '200.00', '', '18.00', '5.00', NULL, NULL, 1, 1, NULL, NULL, 1, NULL, 1, 1, 1, NULL, NULL, '0.00', NULL, NULL, NULL, NULL, NULL, 1, 1554771519, 0, NULL, 1554771519, 1554771519),
(13000, 11, 13, '店铺1', 84, 144, '/uploads/20190407\\94c09c81267027a7372b872ad2de099f.png', '111', '951989', NULL, NULL, NULL, '200.00', '', '18.00', '5.00', NULL, NULL, 1, 1, NULL, NULL, 1, NULL, 1, 1, 1, NULL, NULL, '0.00', NULL, NULL, NULL, NULL, NULL, 1, 1554771519, 0, NULL, 1554771519, 1554771519),
(13001, 11, 13, '店铺1', 84, 144, '/uploads/20190407\\94c09c81267027a7372b872ad2de099f.png', '111', '437197', NULL, NULL, NULL, '200.00', '', '18.00', '5.00', NULL, NULL, 1, 1, NULL, NULL, 1, NULL, 1, 1, 1, NULL, NULL, '0.00', NULL, NULL, NULL, NULL, NULL, 1, 1554771519, 0, NULL, 1554771519, 1554771519);
INSERT INTO `order` (`id`, `merchant_id`, `shop_id`, `shop_name`, `task_id`, `taskdetail_id`, `mainimage`, `goodstitle`, `verifycode`, `user_id`, `wangwang`, `mobile`, `price`, `priceremark`, `without_price`, `within_price`, `tbcode`, `finishtime`, `type`, `status1`, `status2`, `status3`, `isexcep`, `exceptioninfo`, `iscollect`, `iscart`, `verifytype`, `verifygoodstitle`, `verifyshopname`, `payprice`, `payimage`, `paritytitle1`, `paritytitle2`, `paritytitle3`, `remark`, `worktype`, `worktime`, `aid`, `aidtime`, `intime`, `uptime`) VALUES
(13002, 11, 13, '店铺1', 84, 144, '/uploads/20190407\\94c09c81267027a7372b872ad2de099f.png', '111', '560821', NULL, NULL, NULL, '200.00', '', '18.00', '5.00', NULL, NULL, 1, 1, NULL, NULL, 1, NULL, 1, 1, 1, NULL, NULL, '0.00', NULL, NULL, NULL, NULL, NULL, 1, 1554771519, 0, NULL, 1554771519, 1554771519),
(13003, 11, 13, '店铺1', 84, 144, '/uploads/20190407\\94c09c81267027a7372b872ad2de099f.png', '111', '352987', NULL, NULL, NULL, '200.00', '', '18.00', '5.00', NULL, NULL, 1, 1, NULL, NULL, 1, NULL, 1, 1, 1, NULL, NULL, '0.00', NULL, NULL, NULL, NULL, NULL, 1, 1554771519, 0, NULL, 1554771519, 1554771519),
(13004, 11, 13, '店铺1', 84, 144, '/uploads/20190407\\94c09c81267027a7372b872ad2de099f.png', '111', '972534', NULL, NULL, NULL, '200.00', '', '18.00', '5.00', NULL, NULL, 1, 1, NULL, NULL, 1, NULL, 1, 1, 1, NULL, NULL, '0.00', NULL, NULL, NULL, NULL, NULL, 1, 1554771519, 0, NULL, 1554771519, 1554771519),
(13005, 11, 13, '店铺1', 84, 144, '/uploads/20190407\\94c09c81267027a7372b872ad2de099f.png', '111', '707791', NULL, NULL, NULL, '200.00', '', '18.00', '5.00', NULL, NULL, 1, 1, NULL, NULL, 1, NULL, 1, 1, 1, NULL, NULL, '0.00', NULL, NULL, NULL, NULL, NULL, 1, 1554771519, 0, NULL, 1554771519, 1554771519),
(13006, 11, 13, '店铺1', 84, 144, '/uploads/20190407\\94c09c81267027a7372b872ad2de099f.png', '111', '861737', NULL, NULL, NULL, '200.00', '', '18.00', '5.00', NULL, NULL, 1, 1, NULL, NULL, 1, NULL, 1, 1, 1, NULL, NULL, '0.00', NULL, NULL, NULL, NULL, NULL, 1, 1554771519, 0, NULL, 1554771519, 1554771519),
(13007, 11, 13, '店铺1', 85, 145, '/uploads/20190407\\82ad1f59a69309840a4ea78edcce2191.png', '222', '470898', NULL, NULL, NULL, '100.00', '', '16.00', '5.00', NULL, NULL, 1, 1, NULL, NULL, 1, NULL, 1, 1, 1, NULL, NULL, '0.00', NULL, NULL, NULL, NULL, NULL, 1, 1554771557, 0, NULL, 1554771557, 1554771557),
(13008, 11, 13, '店铺1', 86, 146, '/uploads/20190407\\82ad1f59a69309840a4ea78edcce2191.png', '222', '544259', NULL, NULL, NULL, '100.00', '', '16.00', '5.00', NULL, NULL, 1, 1, NULL, NULL, 1, NULL, 1, 1, 1, NULL, NULL, '0.00', NULL, NULL, NULL, NULL, NULL, 1, 1554771841, 0, NULL, 1554771841, 1554771841);

-- --------------------------------------------------------

--
-- 表的结构 `ordershop`
--

CREATE TABLE IF NOT EXISTS `ordershop` (
  `id` bigint(20) unsigned NOT NULL AUTO_INCREMENT,
  `user_id` int(10) DEFAULT NULL COMMENT '粉丝Id',
  `shop_id` int(10) DEFAULT NULL COMMENT '店铺Id',
  `shop_name` varchar(200) DEFAULT NULL COMMENT '店铺名称',
  `shop_wangwang` varchar(50) DEFAULT NULL COMMENT '商品主图',
  `intime` int(10) DEFAULT NULL COMMENT '添加时间',
  `uptime` int(10) DEFAULT NULL COMMENT '更新时间',
  PRIMARY KEY (`id`)
) ENGINE=InnoDB DEFAULT CHARSET=utf8 COMMENT='粉丝订单店铺' AUTO_INCREMENT=1 ;

-- --------------------------------------------------------

--
-- 表的结构 `role`
--

CREATE TABLE IF NOT EXISTS `role` (
  `id` bigint(20) unsigned NOT NULL AUTO_INCREMENT,
  `name` varchar(50) DEFAULT '' COMMENT '名称',
  `intime` int(10) DEFAULT '0' COMMENT '添加时间',
  `uptime` int(10) DEFAULT '0' COMMENT '更新时间',
  `sort` int(10) DEFAULT '0' COMMENT '排序',
  PRIMARY KEY (`id`)
) ENGINE=InnoDB  DEFAULT CHARSET=utf8 COMMENT='角色' AUTO_INCREMENT=6 ;

--
-- 转存表中的数据 `role`
--

INSERT INTO `role` (`id`, `name`, `intime`, `uptime`, `sort`) VALUES
(1, '超级管理员', 1541220590, 1541220590, 0),
(2, '客服', 1541220610, 1544261456, 0),
(3, '财务', 1541220624, 1544943902, 0),
(4, '采购', 1541220636, 1544261476, 0),
(5, '业务员', 1541220648, 1544337092, 0);

-- --------------------------------------------------------

--
-- 表的结构 `shop`
--

CREATE TABLE IF NOT EXISTS `shop` (
  `id` bigint(20) unsigned NOT NULL AUTO_INCREMENT,
  `merchant_id` int(10) DEFAULT NULL COMMENT '商家Id',
  `name` varchar(100) DEFAULT NULL COMMENT '名称',
  `wangwang` varchar(100) DEFAULT NULL COMMENT '旺旺',
  `url` varchar(500) DEFAULT NULL COMMENT '店铺url',
  `status` smallint(3) DEFAULT NULL COMMENT '状态：未审核、已审核、已拒绝',
  `remark` varchar(2000) DEFAULT NULL COMMENT '备注',
  `intime` int(10) DEFAULT NULL COMMENT '添加时间',
  `uptime` int(10) DEFAULT NULL COMMENT '更新时间',
  PRIMARY KEY (`id`)
) ENGINE=InnoDB  DEFAULT CHARSET=utf8 COMMENT='店铺' AUTO_INCREMENT=14 ;

--
-- 转存表中的数据 `shop`
--

INSERT INTO `shop` (`id`, `merchant_id`, `name`, `wangwang`, `url`, `status`, `remark`, `intime`, `uptime`) VALUES
(12, 10, '邸力通生活服务', '邸力通生活服务', 'https://dltshfw.tmall.com', 2, '', 1553345688, 1554807828),
(13, 11, '店铺1', 'lzfcjs', 'http://baidu.com', 2, 'dfghsgh', 1554259341, 1554807825);

-- --------------------------------------------------------

--
-- 表的结构 `task`
--

CREATE TABLE IF NOT EXISTS `task` (
  `id` bigint(20) unsigned NOT NULL AUTO_INCREMENT,
  `tasksn` varchar(50) DEFAULT NULL COMMENT '序列号:2018121300000001',
  `merchant_id` int(10) DEFAULT NULL COMMENT '商家Id',
  `shop_id` int(10) DEFAULT NULL COMMENT '店铺Id',
  `shop_name` varchar(200) DEFAULT NULL COMMENT '店铺名称',
  `cat` smallint(3) DEFAULT NULL COMMENT '类目',
  `tags` varchar(200) DEFAULT NULL COMMENT '标签词',
  `goodstitle` varchar(500) DEFAULT NULL COMMENT '商品标题',
  `goodsurl` varchar(2000) DEFAULT NULL COMMENT '商品链接',
  `mainimage` varchar(200) DEFAULT NULL COMMENT '商品主图',
  `money` decimal(10,2) unsigned DEFAULT '0.00' COMMENT '任务本金',
  `num` int(10) unsigned DEFAULT NULL COMMENT '数量',
  `without_money` decimal(10,2) unsigned DEFAULT '0.00' COMMENT '服务费',
  `total_money` decimal(10,2) unsigned DEFAULT '0.00' COMMENT '总金额',
  `isattr` smallint(3) DEFAULT NULL COMMENT '是否任意规格：否、是',
  `attrcolor` varchar(50) DEFAULT NULL COMMENT '颜色',
  `attrsize` varchar(50) DEFAULT NULL COMMENT '尺码',
  `ishuabei` smallint(3) DEFAULT '1' COMMENT '是否允许花呗',
  `iscredit` smallint(3) DEFAULT '1' COMMENT '是否允许信用卡',
  `present` varchar(200) DEFAULT NULL COMMENT '(赠送礼品)赠品:文字描述，赠送抽纸或卷纸',
  `status` smallint(3) DEFAULT NULL COMMENT '状态：已发布、待付款、待审核、已审核、已拒绝',
  `remark` varchar(2000) DEFAULT NULL COMMENT '备注',
  `confine` varchar(500) DEFAULT NULL COMMENT '任务限制input输入',
  `worktype` smallint(3) DEFAULT NULL COMMENT '工作类型：今日单、明日单',
  `worktime` int(10) DEFAULT NULL COMMENT '工作日期：今日单、明日单',
  `paytime` int(10) DEFAULT NULL COMMENT '付款时间',
  `intime` int(10) DEFAULT NULL COMMENT '添加时间',
  `uptime` int(10) DEFAULT NULL COMMENT '更新时间',
  PRIMARY KEY (`id`)
) ENGINE=InnoDB  DEFAULT CHARSET=utf8 COMMENT='任务' AUTO_INCREMENT=87 ;

--
-- 转存表中的数据 `task`
--

INSERT INTO `task` (`id`, `tasksn`, `merchant_id`, `shop_id`, `shop_name`, `cat`, `tags`, `goodstitle`, `goodsurl`, `mainimage`, `money`, `num`, `without_money`, `total_money`, `isattr`, `attrcolor`, `attrsize`, `ishuabei`, `iscredit`, `present`, `status`, `remark`, `confine`, `worktype`, `worktime`, `paytime`, `intime`, `uptime`) VALUES
(67, '2019032300000001', 10, 12, '邸力通生活服务', 1, '苹果手机维修', '苹果手机维修店iphone6s7plus8X主板进水不开机指纹基带WiFi寄修', 'https://detail.tmall.com/item.htm?id=584245032935', '/uploads/20190323\\f1e09cb5593610af07df1194651ba340.png', '3465.00', 35, '525.00', '3990.00', 2, NULL, NULL, 1, 1, '空包', 7, NULL, NULL, 1, 1553347000, 1553347350, 1553347000, 1553347417),
(68, '2019032300000002', 10, 12, '邸力通生活服务', 4, '手机维修', '苹果手机维修店iphone6s7plus8X主板进水不开机指纹基带WiFi寄修', 'https://detail.tmall.com/item.htm?id=584245032935', '/uploads/20190323\\43acfbb509323f36b07057aadf65d750.png', '3465.00', 35, '525.00', '3990.00', 2, NULL, NULL, 1, 1, '空包', 3, NULL, NULL, 2, 1553435124, 1553348724, 1553348724, 1553348853),
(69, '2019040300000001', 11, 13, '店铺1', 1, '外套', '男士外套', 'www.baidu.com', '/uploads/20190403\\4552c24d4e6beee924ebcfadb9e151c7.png', '200.00', 2, '32.00', '232.00', 2, NULL, NULL, 2, 2, '赠送抽纸', 4, NULL, NULL, 1, 1554261685, 1554263036, 1554261685, 1554263106),
(70, '2019040300000002', 11, 13, '店铺1', 1, '外套', '女装外套', 'www.360.com', '/uploads/20190403\\524536f5be54bc6a99c4337fc1a7e0ec.png', '600.00', 3, '54.00', '654.00', 2, NULL, NULL, 1, 1, '卷纸', 7, NULL, NULL, 1, 1554263316, 1554263463, 1554263316, 1554281491),
(71, '2019040300000003', 11, 13, '店铺1', 5, '化妆', '化妆品', 'www.taobao.com', '/uploads/20190403\\ee1e81b5e2736d2c5d5eba7b6e6981b0.png', '1000.00', 4, '86.00', '1086.00', 2, NULL, NULL, 1, 1, '抽纸', 3, NULL, NULL, 1, 1554287548, 1554287548, 1554287548, 1554287999),
(72, '2019040300000004', 11, 13, '店铺1', 1, '11111', '111111111111111111111111', 'http://www.task123.cn/home.php/merchant/task/add.html', '/uploads/20190403\\574a04692ce27bcd5e6ea64263b02db4.gif', '121.00', 11, '176.00', '297.00', 1, '111111', '111', 2, 2, '111', 4, NULL, NULL, 1, 1554290290, 1554290290, 1554290290, 1554290522),
(73, '2019040400000001', 11, 13, '店铺1', 9, '商品1', '测试商品1', 'http://www.task123.cn/home.php/merchant/task/add.html', '/uploads/20190404\\a859a3615325642b37be2e49ef31b32c.png', '300.00', 2, '34.00', '334.00', 2, NULL, NULL, 2, 1, '卷纸', 7, NULL, NULL, 1, 1554339517, 1554339517, 1554339517, 1554381136),
(74, '2019040400000002', 11, 13, '店铺1', 7, '商品2', '测试商品2', 'http://www.task123.cn/home.php/merchant/task/add.html', '/uploads/20190404\\2da454e34f50648a3ade97abf5298568.png', '600.00', 2, '50.00', '650.00', 2, NULL, NULL, 2, 1, '', 7, NULL, NULL, 1, 1554344304, 1554344304, 1554344304, 1554381136),
(75, '2019040700000001', 11, 13, '店铺1', 3, '测试', '测试商品5', 'http://www.task123.cn/home.php/merchant/task/add.html', '/uploads/20190407\\075f8256ce582a97860d6f2e8b718f50.png', '200.00', 1, '18.00', '218.00', 2, NULL, NULL, 1, 1, '卷纸', 7, NULL, NULL, 1, 1554598191, 1554598191, 1554598191, 1554605123),
(76, '2019040700000002', 11, 13, '店铺1', 3, '测试', '测试商品5', 'http://www.task123.cn/home.php/merchant/task/add.html', '/uploads/20190407\\075f8256ce582a97860d6f2e8b718f50.png', '200.00', 1, '18.00', '218.00', 2, NULL, NULL, 1, 1, '卷纸', 7, NULL, NULL, 1, 1554598192, 1554598192, 1554598192, 1554605123),
(77, '2019040700000003', 11, 13, '店铺1', 1, '袜子', '男士袜子', 'www.360.cn', '/uploads/20190407\\4e0b953f764a31d56e8fdc96ccc13e3e.png', '40.00', 2, '32.00', '72.00', 2, NULL, NULL, 1, 1, '抽纸', 7, NULL, NULL, 1, 1554603948, 1554603948, 1554603948, 1554607021),
(78, '2019040700000004', 11, 13, '店铺1', 2, '背包', '包包', 'www.789.com', '/uploads/20190407\\f85a7cb8014d2d18dc9dc0004df4e879.png', '20.00', 2, '32.00', '52.00', 2, NULL, NULL, 1, 1, '', 7, NULL, NULL, 1, 1554605758, 1554605758, 1554605758, 1554607021),
(79, '2019040700000005', 11, 13, '店铺1', 3, '玩具', '玩具', '1212121', '/uploads/20190407\\0492440375388f01f52527c16f4e5240.png', '100.00', 10, '160.00', '260.00', 2, NULL, NULL, 1, 1, '', 7, NULL, NULL, 1, 1554607398, 1554607398, 1554607398, 1554607801),
(80, '2019040700000006', 11, 13, '店铺1', 1, '111', '111', 'http://www.task123.cn/home.php/merchant/task/add.html', '/uploads/20190407\\94c09c81267027a7372b872ad2de099f.png', '2000.00', 10, '180.00', '2180.00', 2, NULL, NULL, 1, 1, '', 3, NULL, NULL, 1, 1554609488, 1554609488, 1554609488, 1554609568),
(81, '2019040700000007', 11, 13, '店铺1', 1, '111', '111', 'http://www.task123.cn/home.php/merchant/task/add.html', '/uploads/20190407\\94c09c81267027a7372b872ad2de099f.png', '2000.00', 10, '180.00', '2180.00', 2, NULL, NULL, 1, 1, '', 4, NULL, NULL, 1, 1554609488, 1554609488, 1554609488, 1554609551),
(82, '2019040700000008', 11, 13, '店铺1', 1, '222', '222', '222', '/uploads/20190407\\82ad1f59a69309840a4ea78edcce2191.png', '100.00', 1, '16.00', '116.00', 2, NULL, NULL, 1, 1, '222222', 7, NULL, NULL, 1, 1554620602, 1554620602, 1554620602, 1554627035),
(83, '2019040700000009', 11, 13, '店铺1', 1, '222', '222', '222', '/uploads/20190407\\82ad1f59a69309840a4ea78edcce2191.png', '100.00', 1, '16.00', '116.00', 2, NULL, NULL, 1, 1, '222222', 3, NULL, NULL, 1, 1554620602, 1554620602, 1554620602, 1554791127),
(84, '2019040900000001', 11, 13, '店铺1', 1, '111', '111', 'http://www.task123.cn/home.php/merchant/task/add.html', '/uploads/20190407\\94c09c81267027a7372b872ad2de099f.png', '2000.00', 10, '180.00', '2180.00', 2, NULL, NULL, 1, 1, '', 2, NULL, NULL, 1, 1554771519, 1554771519, 1554771519, 1554771519),
(85, '2019040900000002', 11, 13, '店铺1', 1, '222', '222', '222', '/uploads/20190407\\82ad1f59a69309840a4ea78edcce2191.png', '100.00', 1, '16.00', '116.00', 2, NULL, NULL, 1, 1, '222222', 2, NULL, NULL, 1, 1554771557, 1554771557, 1554771557, 1554771557),
(86, '2019040900000003', 11, 13, '店铺1', 1, '222', '222', '222', '/uploads/20190407\\82ad1f59a69309840a4ea78edcce2191.png', '100.00', 1, '16.00', '116.00', 2, NULL, NULL, 1, 1, '222222', 3, NULL, NULL, 1, 1554771841, 1554771841, 1554771841, 1554794305);

-- --------------------------------------------------------

--
-- 表的结构 `taskdetail`
--

CREATE TABLE IF NOT EXISTS `taskdetail` (
  `id` bigint(20) unsigned NOT NULL AUTO_INCREMENT,
  `task_id` int(10) DEFAULT NULL COMMENT '任务Id',
  `searchkeywords` varchar(500) DEFAULT NULL COMMENT '搜索关键字',
  `price` decimal(10,2) unsigned DEFAULT '0.00' COMMENT '下单价：下单金额需与淘宝最终购买价一致',
  `priceremark` varchar(500) DEFAULT NULL COMMENT '单价备注',
  `num` int(10) unsigned DEFAULT NULL COMMENT '单数',
  `without_price` decimal(10,2) unsigned DEFAULT '0.00' COMMENT '服务费单价',
  `istalk` smallint(3) DEFAULT NULL COMMENT '需要聊天：否、是',
  `isparity` smallint(3) DEFAULT NULL COMMENT '货比三家：否、是',
  `iscart` smallint(3) DEFAULT NULL COMMENT '加入购物车：否、是',
  `iscollect` smallint(3) DEFAULT NULL COMMENT '收藏宝贝：否、是',
  `isfocus` smallint(3) DEFAULT NULL COMMENT '关注店铺：否、是',
  `isbrowseshop` smallint(3) DEFAULT NULL COMMENT '浏览店内两个宝贝以上：否、是',
  `isbrowseinfo` smallint(3) DEFAULT NULL COMMENT '浏览详情到底5分钟以上：否、是',
  `remark` varchar(2000) DEFAULT NULL COMMENT '备注',
  `intime` int(10) DEFAULT NULL COMMENT '添加时间',
  `uptime` int(10) DEFAULT NULL COMMENT '更新时间',
  PRIMARY KEY (`id`)
) ENGINE=InnoDB  DEFAULT CHARSET=utf8 COMMENT='任务详情' AUTO_INCREMENT=147 ;

--
-- 转存表中的数据 `taskdetail`
--

INSERT INTO `taskdetail` (`id`, `task_id`, `searchkeywords`, `price`, `priceremark`, `num`, `without_price`, `istalk`, `isparity`, `iscart`, `iscollect`, `isfocus`, `isbrowseshop`, `isbrowseinfo`, `remark`, `intime`, `uptime`) VALUES
(111, 67, '苹果手机维修', '99.00', '', 7, '15.00', 2, 2, 2, 2, 1, 1, 1, '', 1553347000, 1553347000),
(112, 67, '手机维修店', '99.00', '', 6, '15.00', 2, 2, 2, 2, 1, 1, 1, '', 1553347000, 1553347000),
(113, 67, '苹果手机维修寄修', '99.00', '', 5, '15.00', 2, 2, 2, 2, 1, 1, 1, '', 1553347000, 1553347000),
(114, 67, '手机维修', '99.00', '', 5, '15.00', 2, 2, 2, 2, 1, 1, 1, '', 1553347000, 1553347000),
(115, 67, '苹果维修', '99.00', '', 3, '15.00', 1, 2, 2, 2, 1, 1, 1, '', 1553347000, 1553347000),
(116, 67, 'iphone维修', '99.00', '', 3, '15.00', 1, 2, 2, 2, 1, 1, 1, '', 1553347000, 1553347000),
(117, 67, '苹果主板维修', '99.00', '', 4, '15.00', 1, 2, 2, 2, 1, 1, 1, '', 1553347000, 1553347000),
(118, 67, '苹果7基带维修', '99.00', '', 2, '15.00', 1, 2, 2, 2, 1, 1, 1, '', 1553347000, 1553347000),
(119, 68, '苹果手机维修', '99.00', '', 7, '15.00', 2, 2, 2, 2, 1, 1, 1, '', 1553348724, 1553348724),
(120, 68, '手机维修店', '99.00', '', 6, '15.00', 2, 2, 2, 2, 1, 1, 1, '', 1553348724, 1553348724),
(121, 68, '苹果手机维修寄修', '99.00', '', 5, '15.00', 2, 2, 2, 2, 1, 1, 1, '', 1553348724, 1553348724),
(122, 68, '手机维修', '99.00', '', 5, '15.00', 2, 2, 2, 2, 1, 1, 1, '', 1553348724, 1553348724),
(123, 68, '苹果维修', '99.00', '', 3, '15.00', 2, 2, 2, 2, 1, 1, 1, '', 1553348724, 1553348724),
(124, 68, 'iphone维修', '99.00', '', 3, '15.00', 1, 2, 2, 2, 1, 1, 1, '', 1553348724, 1553348724),
(125, 68, '苹果主板维修', '99.00', '', 4, '15.00', 1, 2, 2, 2, 1, 1, 1, '', 1553348724, 1553348724),
(126, 68, '苹果7基带维修', '99.00', '', 2, '15.00', 1, 2, 2, 2, 1, 1, 1, '', 1553348724, 1553348724),
(127, 69, '外套', '100.00', '', 2, '16.00', 2, 2, 2, 1, 1, 1, 2, '外套', 1554261685, 1554261685),
(128, 70, '外套女', '200.00', '', 3, '18.00', 2, 2, 2, 2, 2, 2, 2, '', 1554263316, 1554263316),
(129, 71, '化妆品', '200.00', '', 2, '18.00', 2, 2, 2, 2, 2, 2, 2, '现金流动', 1554287548, 1554287548),
(130, 71, '化妆2', '300.00', '', 2, '25.00', 2, 2, 2, 2, 2, 2, 2, '现金', 1554287548, 1554287548),
(131, 72, '11', '11.00', '', 11, '16.00', 2, 2, 2, 2, 2, 2, 2, '', 1554290290, 1554290290),
(132, 73, '测试1', '100.00', '', 1, '16.00', 2, 2, 2, 2, 2, 2, 2, '', 1554339517, 1554339517),
(133, 73, '测试2', '200.00', '', 1, '18.00', 2, 2, 2, 2, 2, 2, 2, '', 1554339517, 1554339517),
(134, 74, '商品2', '300.00', '', 2, '25.00', 2, 2, 2, 2, 2, 2, 2, '', 1554344304, 1554344304),
(135, 75, '测试商品3', '200.00', '', 1, '18.00', 2, 2, 2, 2, 2, 2, 2, '', 1554598191, 1554598191),
(136, 76, '测试商品3', '200.00', '', 1, '18.00', 2, 2, 2, 2, 2, 2, 2, '', 1554598192, 1554598192),
(137, 77, '袜子', '20.00', '', 2, '16.00', 2, 2, 2, 2, 1, 2, 1, '', 1554603948, 1554603948),
(138, 78, '包包', '10.00', '', 2, '16.00', 2, 2, 2, 2, 2, 2, 2, '', 1554605758, 1554605758),
(139, 79, '玩具', '10.00', '', 10, '16.00', 2, 2, 1, 1, 1, 1, 1, '', 1554607398, 1554607398),
(140, 80, '111', '200.00', '', 10, '18.00', 2, 2, 2, 2, 1, 2, 1, '', 1554609488, 1554609488),
(141, 81, '111', '200.00', '', 10, '18.00', 2, 2, 2, 2, 1, 2, 1, '', 1554609488, 1554609488),
(142, 82, '222', '100.00', '', 1, '16.00', 1, 1, 1, 1, 1, 1, 1, '', 1554620602, 1554620602),
(143, 83, '222', '100.00', '', 1, '16.00', 1, 1, 1, 1, 1, 1, 1, '', 1554620602, 1554620602),
(144, 84, '111', '200.00', '', 10, '18.00', 2, 2, 2, 2, 2, 2, 2, '', 1554771519, 1554771519),
(145, 85, '222', '100.00', '', 1, '16.00', 2, 2, 2, 2, 2, 2, 2, '', 1554771557, 1554771557),
(146, 86, '222', '100.00', '', 1, '16.00', 2, 2, 2, 2, 2, 2, 2, '', 1554771841, 1554771841);

-- --------------------------------------------------------

--
-- 表的结构 `user`
--

CREATE TABLE IF NOT EXISTS `user` (
  `id` bigint(20) unsigned NOT NULL AUTO_INCREMENT,
  `user_name` varchar(50) DEFAULT '' COMMENT '登录名',
  `password` varchar(100) DEFAULT '' COMMENT '密码',
  `wangwang` varchar(50) DEFAULT '' COMMENT '旺旺号',
  `mobile` varchar(50) DEFAULT '' COMMENT '手机号',
  `nickname` varchar(50) DEFAULT NULL COMMENT '昵称',
  `qq` varchar(50) DEFAULT '' COMMENT 'qq号',
  `weixin` varchar(50) DEFAULT NULL COMMENT '微信号',
  `weixinimg` varchar(200) DEFAULT NULL COMMENT '微信号截图',
  `weixinmoneycode` varchar(200) DEFAULT NULL COMMENT '微信收款码',
  `sex` smallint(3) DEFAULT NULL COMMENT '性别：女、男',
  `birthyear` int(10) DEFAULT NULL COMMENT '出生年份',
  `headimg` varchar(200) DEFAULT NULL COMMENT '头像',
  `zfb` varchar(50) DEFAULT NULL COMMENT '支付宝号',
  `zfbimg` varchar(200) DEFAULT NULL COMMENT '旺旺号绑定支付宝截图',
  `taoqi` varchar(200) DEFAULT NULL COMMENT '淘气值',
  `taoqiimg` varchar(200) DEFAULT NULL COMMENT '淘气值截图',
  `province` int(10) DEFAULT NULL COMMENT '省',
  `city` int(10) DEFAULT NULL COMMENT '市',
  `district` int(10) DEFAULT NULL COMMENT '区',
  `address` varchar(100) DEFAULT '' COMMENT '地址:广东省-深圳市',
  `money` decimal(15,2) DEFAULT '0.00' COMMENT '余额',
  `freeze_money` decimal(15,2) DEFAULT '0.00' COMMENT '冻结余额',
  `status` smallint(3) DEFAULT NULL COMMENT '资料审核状态：待审核、已审核、未通过',
  `status2` smallint(3) DEFAULT NULL COMMENT '帐号验证状态：待认证、已认证、未通过',
  `point` int(10) DEFAULT NULL COMMENT '积分',
  `isfreeze` smallint(3) unsigned DEFAULT '1' COMMENT '是否冻结:不冻结、已冻结',
  `ip` varchar(50) DEFAULT NULL COMMENT 'ip地址',
  `remark` varchar(200) DEFAULT NULL COMMENT '备注(可填写冻结帐号原因)',
  `statusremark` varchar(200) DEFAULT NULL COMMENT '帐号审核原因',
  `status2remark` varchar(200) DEFAULT NULL COMMENT '实名认证原因',
  `aid` int(10) DEFAULT NULL COMMENT '客服Id(admin_id)',
  `realname` varchar(50) DEFAULT '' COMMENT '真实姓名',
  `bodycard` varchar(50) DEFAULT NULL COMMENT '身份证号',
  `age` int(10) DEFAULT NULL COMMENT '年龄',
  `bodycardimg` varchar(200) DEFAULT NULL COMMENT '身份证正面',
  `tbgrade` smallint(3) DEFAULT NULL COMMENT '淘宝等级',
  `preference` varchar(50) DEFAULT NULL COMMENT '购物偏好',
  `height` varchar(20) DEFAULT NULL COMMENT '身高',
  `weight` varchar(20) DEFAULT NULL COMMENT '体重',
  `size` varchar(20) DEFAULT NULL COMMENT '鞋码',
  `marry` smallint(3) DEFAULT NULL COMMENT '婚姻状况：未婚、已婚',
  `income` smallint(3) DEFAULT NULL COMMENT '月收入：2千以上、2千-4千、4千-8千、8千-1.5万、1.5万以上',
  `degree` smallint(3) DEFAULT NULL COMMENT '教育程度：初中、高中(中专)、大专、本科、硕士研究生、博士',
  `job` smallint(4) DEFAULT NULL COMMENT '所属人群：学生、上班族、个体户、自由职业者、企业主',
  `bankname` varchar(50) DEFAULT NULL COMMENT '银行名称',
  `bankcode` varchar(50) DEFAULT NULL COMMENT '银行卡号',
  `logintime` int(10) DEFAULT NULL COMMENT '登录时间',
  `ordertime` int(10) DEFAULT NULL COMMENT '最后做单时间',
  `ordershopname` text COMMENT '已做店铺(旺旺号)',
  `intime` int(10) DEFAULT '0' COMMENT '添加时间',
  `uptime` int(10) DEFAULT '0' COMMENT '更新时间',
  PRIMARY KEY (`id`)
) ENGINE=InnoDB DEFAULT CHARSET=utf8 COMMENT='粉丝' AUTO_INCREMENT=1 ;

-- --------------------------------------------------------

--
-- 表的结构 `userbank`
--

CREATE TABLE IF NOT EXISTS `userbank` (
  `id` bigint(20) unsigned NOT NULL AUTO_INCREMENT,
  `user_id` int(10) NOT NULL DEFAULT '0' COMMENT '用户Id',
  `bank_id` int(10) NOT NULL DEFAULT '0' COMMENT '银行Id',
  `bankcode` varchar(50) DEFAULT '' COMMENT '银行卡号',
  `realname` varchar(255) DEFAULT NULL COMMENT '真实姓名',
  `intime` int(10) NOT NULL DEFAULT '0' COMMENT '添加时间',
  `uptime` int(10) NOT NULL DEFAULT '0' COMMENT '更新时间',
  PRIMARY KEY (`id`)
) ENGINE=InnoDB DEFAULT CHARSET=utf8 COMMENT='用户银行卡' AUTO_INCREMENT=1 ;

-- --------------------------------------------------------

--
-- 表的结构 `usercash`
--

CREATE TABLE IF NOT EXISTS `usercash` (
  `id` bigint(20) unsigned NOT NULL AUTO_INCREMENT,
  `user_id` int(10) NOT NULL COMMENT '用户Id',
  `type` smallint(3) DEFAULT NULL COMMENT '提现方式：微信、银行卡',
  `weixinmoneycode` varchar(200) DEFAULT NULL COMMENT '微信收款码',
  `zfb` varchar(50) DEFAULT NULL COMMENT '支付宝帐号',
  `bankname` varchar(50) NOT NULL COMMENT '提现银行',
  `bankcode` varchar(50) DEFAULT '' COMMENT '银行卡号',
  `realname` varchar(50) DEFAULT '' COMMENT '开户姓名(收款人)',
  `money` decimal(10,2) DEFAULT '0.00' COMMENT '金额',
  `status` smallint(3) DEFAULT NULL COMMENT '状态:待处理、已提现、已拒绝',
  `remark` varchar(500) DEFAULT '' COMMENT '备注',
  `intime` int(10) NOT NULL COMMENT '添加时间',
  `uptime` int(10) NOT NULL COMMENT '更新时间',
  PRIMARY KEY (`id`)
) ENGINE=InnoDB DEFAULT CHARSET=utf8 COMMENT='用户提现' AUTO_INCREMENT=1 ;

-- --------------------------------------------------------

--
-- 表的结构 `usermlogs`
--

CREATE TABLE IF NOT EXISTS `usermlogs` (
  `id` bigint(20) unsigned NOT NULL AUTO_INCREMENT,
  `user_id` int(10) NOT NULL COMMENT '粉丝Id',
  `algorithm` smallint(3) DEFAULT '0' COMMENT '算法:1加、2减',
  `type` smallint(3) DEFAULT '0' COMMENT '类型:提现、做任务',
  `startmoney` decimal(10,2) DEFAULT '0.00' COMMENT '操作前金额',
  `money` decimal(10,2) DEFAULT '0.00' COMMENT '变动金额',
  `endmoney` decimal(10,2) DEFAULT NULL COMMENT '操作后金额',
  `intime` int(10) NOT NULL DEFAULT '0' COMMENT '添加时间',
  `uptime` int(10) NOT NULL DEFAULT '0' COMMENT '更新时间',
  `remark` varchar(500) DEFAULT NULL COMMENT '备注(加减详情带单号可追踪)',
  `order_code` varchar(100) DEFAULT NULL COMMENT '订单号',
  `tradeno` varchar(100) DEFAULT NULL COMMENT '流水号',
  PRIMARY KEY (`id`)
) ENGINE=InnoDB DEFAULT CHARSET=utf8 COMMENT='粉丝财务明细' AUTO_INCREMENT=1 ;

-- --------------------------------------------------------

--
-- 表的结构 `within`
--

CREATE TABLE IF NOT EXISTS `within` (
  `id` bigint(20) unsigned NOT NULL AUTO_INCREMENT,
  `start` decimal(10,2) DEFAULT '0.00' COMMENT '区间开始',
  `end` decimal(10,2) DEFAULT '0.00' COMMENT '区间结束',
  `price` decimal(10,2) unsigned DEFAULT '0.00' COMMENT '佣金',
  `intime` int(10) DEFAULT '0' COMMENT '添加时间',
  `uptime` int(10) DEFAULT '0' COMMENT '更新时间',
  PRIMARY KEY (`id`)
) ENGINE=InnoDB  DEFAULT CHARSET=utf8 COMMENT='粉丝佣金' AUTO_INCREMENT=6 ;

--
-- 转存表中的数据 `within`
--

INSERT INTO `within` (`id`, `start`, `end`, `price`, `intime`, `uptime`) VALUES
(1, '0.00', '100.00', '5.00', 1541220590, 1553320414),
(2, '100.00', '200.00', '5.00', 1541220610, 1545059262),
(3, '200.00', '300.00', '5.00', 1541220624, 1553320424),
(4, '300.00', '400.00', '5.00', 1541220636, 1553320430),
(5, '400.00', '5000.00', '5.00', 1541220648, 1553320438);

-- --------------------------------------------------------

--
-- 表的结构 `without`
--

CREATE TABLE IF NOT EXISTS `without` (
  `id` bigint(20) unsigned NOT NULL AUTO_INCREMENT,
  `start` decimal(10,2) DEFAULT '0.00' COMMENT '区间开始',
  `end` decimal(10,2) DEFAULT '0.00' COMMENT '区间结束',
  `price` decimal(10,2) unsigned DEFAULT '0.00' COMMENT '服务费',
  `intime` int(10) DEFAULT '0' COMMENT '添加时间',
  `uptime` int(10) DEFAULT '0' COMMENT '更新时间',
  PRIMARY KEY (`id`)
) ENGINE=InnoDB  DEFAULT CHARSET=utf8 COMMENT='商家服务费(系统配置)' AUTO_INCREMENT=6 ;

--
-- 转存表中的数据 `without`
--

INSERT INTO `without` (`id`, `start`, `end`, `price`, `intime`, `uptime`) VALUES
(1, '0.00', '100.00', '16.00', 1541220590, 1552569145),
(2, '101.00', '200.00', '18.00', 1541220610, 1552569162),
(3, '201.00', '300.00', '22.00', 1541220624, 1552569259),
(4, '300.00', '400.00', '25.00', 1541220636, 1552569292),
(5, '401.00', '500.00', '30.00', 1541220648, 1552569284);

/*!40101 SET CHARACTER_SET_CLIENT=@OLD_CHARACTER_SET_CLIENT */;
/*!40101 SET CHARACTER_SET_RESULTS=@OLD_CHARACTER_SET_RESULTS */;
/*!40101 SET COLLATION_CONNECTION=@OLD_COLLATION_CONNECTION */;
